voxel_index,region_id
0,0
1,0
2,0
3,0
4,0
5,0
6,0
7,0
8,0
9,0
10,0
11,0
12,0
13,0
14,0
15,0
16,0
17,0
18,0
19,0
20,0
21,0
22,0
23,1
24,1
25,1
26,1
27,0
28,0
29,0
30,0
31,0
32,0
33,0
34,0
35,0
36,0
37,0
38,0
39,0
40,0
41,0
42,0
43,0
44,0
45,0
46,0
47,0
48,0
49,0
50,0
51,0
52,0
53,0
54,0
55,0
56,0
57,0
58,0
59,0
60,0
61,0
62,0
63,0
64,0
65,5
66,0
67,0
68,0
69,0
70,5
71,5
72,5
73,5
74,0
75,0
76,0
77,0
78,5
79,5
80,5
81,5
82,5
83,5
84,0
85,0
86,0
87,5
88,5
89,5
90,5
91,5
92,5
93,5
94,5
95,5
96,5
97,5
98,5
99,5
100,5
101,5
102,5
103,5
104,5
105,5
106,2
107,5
108,5
109,5
110,5
111,2
112,2
113,2
114,5
115,5
116,5
117,2
118,2
119,1
120,1
121,1
122,1
123,1
124,1
125,1
126,1
127,1
128,1
129,1
130,1
131,1
132,1
133,1
134,1
135,1
136,1
137,1
138,1
139,1
140,1
141,0
142,0
143,0
144,0
145,0
146,0
147,0
148,0
149,0
150,0
151,0
152,0
153,0
154,0
155,0
156,0
157,0
158,0
159,0
160,0
161,0
162,0
163,0
164,0
165,0
166,0
167,0
168,0
169,0
170,0
171,0
172,0
173,0
174,0
175,0
176,0
177,0
178,0
179,0
180,0
181,5
182,5
183,5
184,5
185,0
186,0
187,0
188,0
189,0
190,0
191,5
192,5
193,5
194,5
195,5
196,5
197,0
198,0
199,0
200,0
201,0
202,0
203,5
204,5
205,5
206,5
207,5
208,5
209,5
210,5
211,0
212,0
213,0
214,0
215,0
216,5
217,5
218,5
219,5
220,5
221,5
222,5
223,5
224,5
225,0
226,0
227,0
228,0
229,0
230,5
231,5
232,5
233,5
234,5
235,5
236,5
237,5
238,5
239,5
240,0
241,0
242,0
243,0
244,5
245,5
246,5
247,5
248,5
249,5
250,5
251,5
252,5
253,5
254,0
255,0
256,0
257,2
258,5
259,5
260,5
261,5
262,5
263,5
264,5
265,5
266,5
267,5
268,2
269,2
270,2
271,5
272,5
273,5
274,5
275,5
276,5
277,5
278,5
279,5
280,2
281,2
282,2
283,2
284,2
285,5
286,5
287,5
288,5
289,5
290,5
291,5
292,5
293,5
294,2
295,2
296,2
297,2
298,2
299,5
300,5
301,5
302,5
303,5
304,5
305,5
306,5
307,2
308,2
309,2
310,2
311,5
312,5
313,5
314,5
315,5
316,5
317,5
318,5
319,5
320,5
321,5
322,5
323,5
324,5
325,5
326,5
327,5
328,5
329,5
330,5
331,5
332,5
333,1
334,1
335,1
336,1
337,1
338,1
339,1
340,1
341,1
342,1
343,1
344,1
345,1
346,1
347,1
348,1
349,1
350,1
351,1
352,1
353,1
354,1
355,1
356,1
357,1
358,1
359,1
360,1
361,1
362,1
363,1
364,1
365,1
366,1
367,0
368,0
369,1
370,0
371,0
372,0
373,0
374,0
375,0
376,0
377,0
378,0
379,0
380,0
381,0
382,0
383,0
384,0
385,0
386,0
387,0
388,0
389,0
390,0
391,0
392,0
393,0
394,0
395,0
396,0
397,0
398,0
399,0
400,0
401,0
402,0
403,0
404,5
405,5
406,0
407,0
408,0
409,0
410,0
411,0
412,5
413,5
414,5
415,5
416,0
417,0
418,0
419,0
420,0
421,0
422,5
423,5
424,5
425,5
426,5
427,5
428,5
429,0
430,0
431,0
432,0
433,0
434,0
435,5
436,5
437,5
438,5
439,5
440,5
441,5
442,5
443,0
444,0
445,0
446,0
447,0
448,0
449,5
450,5
451,5
452,5
453,5
454,5
455,5
456,5
457,5
458,0
459,0
460,0
461,0
462,0
463,5
464,5
465,5
466,5
467,5
468,5
469,5
470,5
471,5
472,5
473,5
474,0
475,0
476,0
477,0
478,2
479,5
480,5
481,5
482,5
483,5
484,5
485,5
486,5
487,5
488,5
489,5
490,0
491,0
492,0
493,0
494,2
495,2
496,2
497,2
498,5
499,5
500,5
501,5
502,5
503,5
504,5
505,5
506,5
507,5
508,5
509,0
510,2
511,2
512,2
513,2
514,5
515,5
516,5
517,5
518,5
519,5
520,5
521,5
522,5
523,5
524,2
525,2
526,2
527,2
528,2
529,2
530,5
531,5
532,5
533,5
534,5
535,5
536,5
537,5
538,5
539,5
540,2
541,2
542,2
543,2
544,2
545,2
546,2
547,5
548,5
549,5
550,5
551,5
552,5
553,5
554,5
555,5
556,5
557,5
558,2
559,2
560,2
561,2
562,2
563,5
564,5
565,5
566,5
567,5
568,5
569,5
570,5
571,5
572,5
573,5
574,5
575,5
576,5
577,5
578,5
579,5
580,5
581,5
582,5
583,5
584,5
585,5
586,5
587,5
588,5
589,5
590,5
591,5
592,5
593,5
594,5
595,5
596,5
597,5
598,5
599,5
600,5
601,5
602,5
603,5
604,5
605,5
606,5
607,5
608,5
609,5
610,5
611,5
612,1
613,1
614,1
615,1
616,1
617,1
618,1
619,1
620,1
621,1
622,1
623,1
624,1
625,1
626,1
627,1
628,1
629,1
630,1
631,1
632,1
633,1
634,1
635,1
636,1
637,1
638,1
639,1
640,1
641,1
642,1
643,1
644,1
645,1
646,1
647,0
648,0
649,0
650,1
651,1
652,1
653,0
654,0
655,0
656,0
657,0
658,0
659,0
660,0
661,0
662,0
663,0
664,0
665,0
666,0
667,0
668,0
669,0
670,0
671,0
672,0
673,0
674,0
675,0
676,0
677,0
678,0
679,0
680,0
681,0
682,0
683,0
684,0
685,0
686,0
687,0
688,0
689,0
690,0
691,0
692,0
693,0
694,0
695,0
696,0
697,0
698,0
699,6
700,6
701,0
702,0
703,0
704,0
705,0
706,0
707,6
708,6
709,6
710,5
711,5
712,5
713,0
714,0
715,0
716,0
717,0
718,0
719,6
720,6
721,6
722,5
723,5
724,5
725,5
726,5
727,0
728,0
729,0
730,0
731,0
732,2
733,6
734,6
735,6
736,5
737,5
738,5
739,5
740,5
741,5
742,0
743,0
744,0
745,0
746,0
747,2
748,2
749,2
750,6
751,6
752,6
753,5
754,5
755,5
756,5
757,5
758,5
759,0
760,0
761,0
762,0
763,2
764,2
765,2
766,2
767,2
768,6
769,5
770,5
771,5
772,5
773,5
774,5
775,5
776,5
777,0
778,0
779,0
780,2
781,2
782,2
783,2
784,2
785,5
786,5
787,5
788,5
789,5
790,5
791,5
792,5
793,5
794,5
795,5
796,2
797,2
798,2
799,2
800,2
801,2
802,2
803,5
804,5
805,5
806,5
807,5
808,5
809,5
810,5
811,5
812,5
813,5
814,2
815,2
816,2
817,2
818,2
819,2
820,2
821,5
822,5
823,5
824,5
825,5
826,5
827,5
828,5
829,5
830,5
831,5
832,2
833,2
834,2
835,2
836,2
837,2
838,5
839,5
840,5
841,5
842,5
843,5
844,5
845,5
846,5
847,5
848,5
849,5
850,5
851,5
852,5
853,5
854,5
855,5
856,5
857,5
858,5
859,5
860,5
861,5
862,5
863,5
864,5
865,5
866,5
867,5
868,5
869,5
870,5
871,5
872,5
873,5
874,5
875,5
876,5
877,5
878,5
879,5
880,5
881,5
882,5
883,5
884,5
885,5
886,5
887,5
888,5
889,5
890,5
891,5
892,5
893,5
894,5
895,5
896,5
897,5
898,5
899,5
900,5
901,5
902,5
903,5
904,5
905,5
906,5
907,5
908,5
909,5
910,5
911,1
912,1
913,1
914,1
915,1
916,1
917,1
918,1
919,1
920,1
921,1
922,1
923,1
924,1
925,1
926,1
927,1
928,1
929,1
930,1
931,1
932,1
933,1
934,1
935,1
936,1
937,0
938,0
939,0
940,0
941,1
942,1
943,1
944,1
945,1
946,1
947,0
948,0
949,0
950,0
951,1
952,1
953,1
954,1
955,1
956,0
957,0
958,0
959,0
960,0
961,0
962,0
963,0
964,0
965,0
966,0
967,0
968,0
969,0
970,0
971,0
972,0
973,0
974,0
975,0
976,0
977,0
978,0
979,0
980,0
981,0
982,0
983,0
984,0
985,0
986,0
987,0
988,0
989,0
990,0
991,0
992,0
993,0
994,0
995,6
996,6
997,6
998,6
999,0
1000,0
1001,0
1002,0
1003,0
1004,0
1005,6
1006,6
1007,6
1008,6
1009,6
1010,0
1011,0
1012,0
1013,0
1014,0
1015,2
1016,2
1017,6
1018,6
1019,6
1020,6
1021,6
1022,0
1023,0
1024,0
1025,0
1026,0
1027,0
1028,2
1029,2
1030,2
1031,6
1032,6
1033,6
1034,6
1035,6
1036,6
1037,5
1038,5
1039,5
1040,0
1041,0
1042,0
1043,0
1044,2
1045,2
1046,2
1047,2
1048,2
1049,6
1050,6
1051,6
1052,6
1053,6
1054,5
1055,5
1056,5
1057,5
1058,5
1059,0
1060,0
1061,0
1062,2
1063,2
1064,2
1065,2
1066,2
1067,2
1068,6
1069,6
1070,6
1071,6
1072,5
1073,5
1074,5
1075,5
1076,5
1077,2
1078,2
1079,2
1080,2
1081,2
1082,2
1083,2
1084,2
1085,6
1086,6
1087,6
1088,5
1089,5
1090,5
1091,5
1092,5
1093,5
1094,2
1095,2
1096,2
1097,2
1098,2
1099,2
1100,2
1101,5
1102,5
1103,5
1104,5
1105,5
1106,5
1107,5
1108,5
1109,5
1110,2
1111,2
1112,2
1113,2
1114,2
1115,2
1116,5
1117,5
1118,5
1119,5
1120,5
1121,5
1122,5
1123,5
1124,5
1125,5
1126,5
1127,5
1128,5
1129,5
1130,5
1131,5
1132,5
1133,5
1134,5
1135,5
1136,5
1137,5
1138,5
1139,5
1140,5
1141,5
1142,5
1143,5
1144,5
1145,5
1146,5
1147,5
1148,5
1149,5
1150,5
1151,5
1152,5
1153,5
1154,5
1155,5
1156,5
1157,5
1158,5
1159,5
1160,5
1161,5
1162,5
1163,5
1164,5
1165,5
1166,5
1167,5
1168,5
1169,5
1170,5
1171,5
1172,5
1173,5
1174,5
1175,5
1176,5
1177,5
1178,5
1179,5
1180,5
1181,5
1182,5
1183,5
1184,5
1185,5
1186,5
1187,5
1188,5
1189,5
1190,5
1191,5
1192,5
1193,5
1194,5
1195,5
1196,5
1197,5
1198,5
1199,5
1200,5
1201,5
1202,5
1203,1
1204,1
1205,1
1206,1
1207,1
1208,1
1209,1
1210,1
1211,1
1212,1
1213,1
1214,1
1215,1
1216,1
1217,0
1218,0
1219,1
1220,1
1221,1
1222,1
1223,1
1224,1
1225,0
1226,0
1227,0
1228,1
1229,1
1230,1
1231,1
1232,1
1233,1
1234,1
1235,0
1236,0
1237,0
1238,0
1239,1
1240,1
1241,1
1242,1
1243,1
1244,1
1245,0
1246,0
1247,1
1248,1
1249,1
1250,1
1251,1
1252,0
1253,0
1254,1
1255,0
1256,0
1257,0
1258,3
1259,3
1260,0
1261,0
1262,3
1263,0
1264,0
1265,0
1266,0
1267,0
1268,0
1269,0
1270,0
1271,0
1272,0
1273,0
1274,0
1275,0
1276,0
1277,0
1278,0
1279,0
1280,0
1281,0
1282,0
1283,0
1284,0
1285,0
1286,0
1287,0
1288,0
1289,0
1290,0
1291,0
1292,6
1293,6
1294,6
1295,6
1296,0
1297,0
1298,0
1299,0
1300,0
1301,2
1302,2
1303,6
1304,6
1305,6
1306,6
1307,6
1308,0
1309,0
1310,0
1311,0
1312,0
1313,2
1314,2
1315,2
1316,6
1317,6
1318,6
1319,6
1320,6
1321,6
1322,6
1323,0
1324,0
1325,0
1326,0
1327,2
1328,2
1329,2
1330,2
1331,2
1332,6
1333,6
1334,6
1335,6
1336,6
1337,6
1338,6
1339,0
1340,0
1341,2
1342,2
1343,2
1344,2
1345,2
1346,2
1347,6
1348,6
1349,6
1350,6
1351,6
1352,6
1353,2
1354,2
1355,2
1356,2
1357,2
1358,2
1359,2
1360,2
1361,6
1362,6
1363,6
1364,6
1365,6
1366,6
1367,5
1368,5
1369,2
1370,2
1371,2
1372,2
1373,2
1374,2
1375,2
1376,6
1377,6
1378,6
1379,6
1380,5
1381,5
1382,5
1383,5
1384,2
1385,2
1386,2
1387,2
1388,2
1389,2
1390,6
1391,6
1392,5
1393,5
1394,5
1395,5
1396,5
1397,5
1398,5
1399,5
1400,5
1401,5
1402,5
1403,5
1404,5
1405,5
1406,5
1407,5
1408,5
1409,5
1410,5
1411,5
1412,5
1413,5
1414,5
1415,5
1416,5
1417,5
1418,5
1419,5
1420,5
1421,5
1422,5
1423,5
1424,5
1425,5
1426,5
1427,5
1428,5
1429,5
1430,5
1431,5
1432,5
1433,5
1434,5
1435,5
1436,5
1437,5
1438,5
1439,5
1440,5
1441,5
1442,5
1443,5
1444,5
1445,5
1446,5
1447,5
1448,5
1449,5
1450,5
1451,5
1452,5
1453,5
1454,5
1455,5
1456,5
1457,5
1458,5
1459,5
1460,5
1461,5
1462,5
1463,5
1464,5
1465,5
1466,5
1467,5
1468,5
1469,5
1470,5
1471,5
1472,5
1473,5
1474,5
1475,5
1476,5
1477,1
1478,1
1479,1
1480,1
1481,1
1482,0
1483,1
1484,1
1485,1
1486,1
1487,1
1488,1
1489,0
1490,0
1491,0
1492,1
1493,1
1494,1
1495,1
1496,1
1497,1
1498,0
1499,0
1500,0
1501,1
1502,1
1503,1
1504,1
1505,1
1506,1
1507,1
1508,3
1509,1
1510,1
1511,1
1512,1
1513,1
1514,1
1515,0
1516,3
1517,3
1518,3
1519,1
1520,1
1521,1
1522,1
1523,1
1524,0
1525,3
1526,3
1527,3
1528,3
1529,3
1530,1
1531,1
1532,1
1533,1
1534,3
1535,3
1536,3
1537,3
1538,3
1539,3
1540,1
1541,1
1542,3
1543,3
1544,3
1545,3
1546,3
1547,3
1548,3
1549,3
1550,3
1551,3
1552,3
1553,3
1554,3
1555,3
1556,3
1557,3
1558,3
1559,3
1560,3
1561,0
1562,3
1563,3
1564,3
1565,3
1566,3
1567,3
1568,0
1569,0
1570,0
1571,3
1572,3
1573,3
1574,0
1575,0
1576,0
1577,0
1578,0
1579,0
1580,0
1581,0
1582,0
1583,0
1584,0
1585,0
1586,0
1587,0
1588,6
1589,0
1590,0
1591,0
1592,0
1593,2
1594,2
1595,6
1596,6
1597,6
1598,6
1599,0
1600,0
1601,0
1602,0
1603,0
1604,2
1605,2
1606,2
1607,6
1608,6
1609,6
1610,6
1611,6
1612,6
1613,0
1614,0
1615,0
1616,2
1617,2
1618,2
1619,2
1620,2
1621,6
1622,6
1623,6
1624,6
1625,6
1626,6
1627,6
1628,2
1629,2
1630,2
1631,2
1632,2
1633,2
1634,6
1635,6
1636,6
1637,6
1638,6
1639,6
1640,6
1641,2
1642,2
1643,2
1644,2
1645,2
1646,2
1647,2
1648,6
1649,6
1650,6
1651,6
1652,6
1653,6
1654,6
1655,2
1656,2
1657,2
1658,2
1659,2
1660,2
1661,2
1662,6
1663,6
1664,6
1665,6
1666,6
1667,6
1668,2
1669,2
1670,2
1671,2
1672,6
1673,6
1674,6
1675,6
1676,6
1677,5
1678,6
1679,6
1680,6
1681,6
1682,5
1683,5
1684,5
1685,5
1686,5
1687,5
1688,5
1689,5
1690,5
1691,5
1692,5
1693,5
1694,5
1695,5
1696,5
1697,5
1698,5
1699,5
1700,5
1701,5
1702,5
1703,5
1704,5
1705,5
1706,5
1707,5
1708,5
1709,5
1710,5
1711,5
1712,5
1713,5
1714,5
1715,5
1716,5
1717,5
1718,5
1719,5
1720,5
1721,5
1722,5
1723,5
1724,5
1725,5
1726,5
1727,5
1728,5
1729,5
1730,5
1731,5
1732,5
1733,5
1734,5
1735,5
1736,5
1737,5
1738,5
1739,5
1740,5
1741,5
1742,5
1743,5
1744,5
1745,5
1746,5
1747,0
1748,1
1749,1
1750,1
1751,0
1752,0
1753,0
1754,1
1755,1
1756,1
1757,1
1758,1
1759,0
1760,0
1761,0
1762,1
1763,1
1764,1
1765,1
1766,1
1767,1
1768,3
1769,3
1770,3
1771,1
1772,1
1773,1
1774,1
1775,1
1776,1
1777,3
1778,3
1779,3
1780,3
1781,1
1782,1
1783,1
1784,1
1785,1
1786,1
1787,3
1788,3
1789,3
1790,3
1791,3
1792,3
1793,1
1794,1
1795,1
1796,1
1797,1
1798,3
1799,3
1800,3
1801,3
1802,3
1803,3
1804,3
1805,1
1806,1
1807,1
1808,1
1809,3
1810,3
1811,3
1812,3
1813,3
1814,3
1815,3
1816,3
1817,3
1818,1
1819,1
1820,1
1821,3
1822,3
1823,3
1824,3
1825,3
1826,3
1827,3
1828,3
1829,1
1830,1
1831,1
1832,3
1833,3
1834,3
1835,3
1836,3
1837,3
1838,3
1839,3
1840,3
1841,1
1842,1
1843,3
1844,3
1845,3
1846,3
1847,3
1848,3
1849,3
1850,3
1851,3
1852,3
1853,3
1854,3
1855,3
1856,3
1857,3
1858,3
1859,0
1860,0
1861,0
1862,3
1863,3
1864,3
1865,3
1866,3
1867,3
1868,0
1869,0
1870,0
1871,0
1872,3
1873,3
1874,3
1875,3
1876,0
1877,0
1878,0
1879,0
1880,0
1881,0
1882,0
1883,0
1884,2
1885,0
1886,0
1887,0
1888,0
1889,2
1890,2
1891,2
1892,6
1893,6
1894,6
1895,6
1896,0
1897,0
1898,0
1899,2
1900,2
1901,2
1902,2
1903,6
1904,6
1905,6
1906,6
1907,6
1908,2
1909,2
1910,2
1911,2
1912,2
1913,2
1914,6
1915,6
1916,6
1917,6
1918,6
1919,6
1920,2
1921,2
1922,2
1923,2
1924,2
1925,6
1926,6
1927,6
1928,6
1929,6
1930,6
1931,6
1932,2
1933,2
1934,2
1935,2
1936,2
1937,6
1938,6
1939,6
1940,6
1941,6
1942,6
1943,6
1944,2
1945,6
1946,6
1947,6
1948,6
1949,6
1950,6
1951,6
1952,6
1953,6
1954,6
1955,6
1956,6
1957,5
1958,5
1959,6
1960,6
1961,6
1962,4
1963,5
1964,5
1965,5
1966,5
1967,5
1968,5
1969,5
1970,5
1971,4
1972,4
1973,5
1974,5
1975,5
1976,5
1977,5
1978,5
1979,5
1980,5
1981,4
1982,4
1983,5
1984,5
1985,5
1986,5
1987,5
1988,5
1989,5
1990,5
1991,4
1992,4
1993,4
1994,5
1995,5
1996,5
1997,5
1998,5
1999,5
2000,4
2001,4
2002,4
2003,5
2004,5
2005,5
2006,5
2007,5
2008,4
2009,4
2010,4
2011,5
2012,5
2013,5
2014,4
2015,4
2016,4
2017,4
2018,4
2019,4
2020,4
2021,4
2022,4
2023,4
2024,4
2025,4
2026,4
2027,4
2028,4
2029,0
2030,0
2031,1
2032,1
2033,0
2034,0
2035,1
2036,1
2037,1
2038,1
2039,3
2040,3
2041,3
2042,3
2043,1
2044,1
2045,1
2046,1
2047,1
2048,3
2049,3
2050,3
2051,3
2052,3
2053,1
2054,1
2055,1
2056,1
2057,1
2058,3
2059,3
2060,3
2061,3
2062,3
2063,3
2064,3
2065,1
2066,1
2067,1
2068,1
2069,1
2070,3
2071,3
2072,3
2073,3
2074,3
2075,3
2076,3
2077,3
2078,1
2079,1
2080,1
2081,1
2082,3
2083,3
2084,3
2085,3
2086,3
2087,3
2088,3
2089,3
2090,3
2091,1
2092,1
2093,1
2094,1
2095,1
2096,3
2097,3
2098,3
2099,3
2100,3
2101,3
2102,3
2103,3
2104,3
2105,3
2106,1
2107,1
2108,1
2109,1
2110,3
2111,3
2112,3
2113,3
2114,3
2115,3
2116,3
2117,3
2118,3
2119,3
2120,1
2121,1
2122,1
2123,1
2124,3
2125,3
2126,3
2127,3
2128,3
2129,3
2130,3
2131,3
2132,3
2133,3
2134,3
2135,1
2136,1
2137,1
2138,3
2139,3
2140,3
2141,3
2142,3
2143,3
2144,3
2145,3
2146,3
2147,1
2148,1
2149,3
2150,3
2151,3
2152,3
2153,3
2154,3
2155,3
2156,3
2157,1
2158,1
2159,0
2160,0
2161,3
2162,3
2163,3
2164,3
2165,3
2166,3
2167,3
2168,3
2169,4
2170,1
2171,0
2172,0
2173,0
2174,3
2175,3
2176,3
2177,3
2178,3
2179,3
2180,3
2181,4
2182,4
2183,1
2184,0
2185,0
2186,0
2187,3
2188,3
2189,3
2190,3
2191,3
2192,4
2193,4
2194,0
2195,0
2196,0
2197,2
2198,2
2199,3
2200,3
2201,3
2202,3
2203,4
2204,4
2205,0
2206,0
2207,2
2208,2
2209,2
2210,6
2211,6
2212,4
2213,4
2214,4
2215,2
2216,2
2217,2
2218,2
2219,6
2220,6
2221,6
2222,6
2223,4
2224,4
2225,4
2226,2
2227,2
2228,2
2229,2
2230,2
2231,6
2232,6
2233,6
2234,6
2235,6
2236,4
2237,4
2238,4
2239,2
2240,2
2241,2
2242,6
2243,6
2244,6
2245,6
2246,6
2247,6
2248,4
2249,4
2250,4
2251,4
2252,6
2253,6
2254,6
2255,6
2256,6
2257,6
2258,4
2259,4
2260,4
2261,4
2262,6
2263,6
2264,6
2265,6
2266,6
2267,6
2268,4
2269,4
2270,4
2271,4
2272,6
2273,6
2274,6
2275,6
2276,4
2277,4
2278,4
2279,4
2280,5
2281,5
2282,5
2283,5
2284,5
2285,6
2286,6
2287,4
2288,4
2289,4
2290,4
2291,5
2292,5
2293,5
2294,5
2295,5
2296,5
2297,4
2298,4
2299,4
2300,4
2301,4
2302,5
2303,5
2304,5
2305,5
2306,5
2307,4
2308,4
2309,4
2310,4
2311,4
2312,5
2313,5
2314,5
2315,5
2316,4
2317,4
2318,4
2319,4
2320,4
2321,4
2322,5
2323,5
2324,4
2325,4
2326,4
2327,4
2328,4
2329,4
2330,4
2331,4
2332,4
2333,4
2334,4
2335,4
2336,4
2337,4
2338,4
2339,4
2340,4
2341,4
2342,4
2343,4
2344,4
2345,4
2346,4
2347,4
2348,4
2349,4
2350,4
2351,4
2352,4
2353,4
2354,4
2355,4
2356,4
2357,4
2358,4
2359,4
2360,4
2361,4
2362,1
2363,4
2364,4
2365,1
2366,1
2367,1
2368,1
2369,1
2370,1
2371,1
2372,1
2373,1
2374,1
2375,1
2376,1
2377,0
2378,0
2379,0
2380,0
2381,1
2382,3
2383,3
2384,3
2385,1
2386,1
2387,1
2388,1
2389,3
2390,3
2391,3
2392,3
2393,3
2394,3
2395,1
2396,1
2397,1
2398,1
2399,3
2400,3
2401,3
2402,3
2403,3
2404,3
2405,3
2406,3
2407,1
2408,1
2409,1
2410,1
2411,3
2412,3
2413,3
2414,3
2415,3
2416,3
2417,3
2418,3
2419,1
2420,1
2421,1
2422,1
2423,3
2424,3
2425,3
2426,3
2427,3
2428,3
2429,3
2430,3
2431,3
2432,1
2433,1
2434,1
2435,1
2436,3
2437,3
2438,3
2439,3
2440,3
2441,3
2442,3
2443,3
2444,3
2445,3
2446,1
2447,1
2448,1
2449,1
2450,3
2451,3
2452,3
2453,3
2454,3
2455,3
2456,3
2457,3
2458,3
2459,3
2460,3
2461,1
2462,1
2463,1
2464,1
2465,3
2466,3
2467,3
2468,3
2469,3
2470,3
2471,3
2472,3
2473,3
2474,3
2475,3
2476,1
2477,1
2478,1
2479,1
2480,3
2481,3
2482,3
2483,3
2484,3
2485,3
2486,3
2487,3
2488,3
2489,3
2490,3
2491,1
2492,1
2493,1
2494,3
2495,3
2496,3
2497,3
2498,3
2499,3
2500,3
2501,3
2502,3
2503,3
2504,1
2505,1
2506,1
2507,3
2508,3
2509,3
2510,3
2511,3
2512,3
2513,3
2514,3
2515,3
2516,3
2517,1
2518,1
2519,1
2520,3
2521,3
2522,3
2523,3
2524,3
2525,3
2526,3
2527,3
2528,1
2529,1
2530,0
2531,0
2532,3
2533,3
2534,3
2535,3
2536,3
2537,3
2538,3
2539,3
2540,4
2541,1
2542,1
2543,0
2544,0
2545,3
2546,3
2547,3
2548,3
2549,3
2550,3
2551,3
2552,4
2553,4
2554,1
2555,1
2556,0
2557,2
2558,3
2559,3
2560,3
2561,3
2562,3
2563,4
2564,4
2565,1
2566,1
2567,2
2568,2
2569,6
2570,6
2571,3
2572,3
2573,3
2574,4
2575,4
2576,4
2577,1
2578,1
2579,2
2580,2
2581,6
2582,6
2583,6
2584,6
2585,4
2586,4
2587,4
2588,1
2589,1
2590,6
2591,6
2592,6
2593,6
2594,6
2595,4
2596,4
2597,4
2598,4
2599,1
2600,1
2601,6
2602,6
2603,6
2604,6
2605,6
2606,4
2607,4
2608,4
2609,4
2610,1
2611,6
2612,6
2613,6
2614,6
2615,4
2616,4
2617,4
2618,4
2619,4
2620,1
2621,6
2622,6
2623,6
2624,6
2625,4
2626,4
2627,4
2628,4
2629,4
2630,5
2631,5
2632,6
2633,6
2634,6
2635,4
2636,4
2637,4
2638,4
2639,4
2640,5
2641,5
2642,5
2643,4
2644,4
2645,4
2646,4
2647,4
2648,4
2649,5
2650,5
2651,5
2652,4
2653,4
2654,4
2655,4
2656,4
2657,4
2658,4
2659,4
2660,4
2661,4
2662,4
2663,4
2664,4
2665,4
2666,7
2667,4
2668,4
2669,4
2670,4
2671,4
2672,4
2673,4
2674,4
2675,4
2676,4
2677,7
2678,7
2679,4
2680,4
2681,4
2682,4
2683,4
2684,4
2685,4
2686,4
2687,4
2688,4
2689,4
2690,4
2691,4
2692,4
2693,4
2694,4
2695,4
2696,4
2697,4
2698,1
2699,1
2700,4
2701,4
2702,4
2703,4
2704,4
2705,4
2706,4
2707,4
2708,4
2709,1
2710,1
2711,4
2712,4
2713,4
2714,4
2715,4
2716,4
2717,1
2718,1
2719,1
2720,1
2721,1
2722,1
2723,1
2724,1
2725,1
2726,1
2727,1
2728,1
2729,1
2730,1
2731,1
2732,1
2733,1
2734,1
2735,1
2736,0
2737,3
2738,3
2739,3
2740,3
2741,3
2742,3
2743,3
2744,3
2745,3
2746,1
2747,1
2748,3
2749,3
2750,3
2751,3
2752,3
2753,3
2754,3
2755,1
2756,1
2757,1
2758,3
2759,3
2760,3
2761,3
2762,3
2763,3
2764,3
2765,3
2766,1
2767,1
2768,1
2769,1
2770,3
2771,3
2772,3
2773,3
2774,3
2775,3
2776,3
2777,3
2778,3
2779,1
2780,1
2781,1
2782,3
2783,3
2784,3
2785,3
2786,3
2787,3
2788,3
2789,3
2790,3
2791,3
2792,1
2793,1
2794,1
2795,1
2796,3
2797,3
2798,3
2799,3
2800,3
2801,3
2802,3
2803,3
2804,3
2805,3
2806,1
2807,1
2808,1
2809,3
2810,3
2811,3
2812,3
2813,3
2814,3
2815,3
2816,3
2817,3
2818,3
2819,3
2820,1
2821,1
2822,1
2823,1
2824,3
2825,3
2826,3
2827,3
2828,3
2829,3
2830,3
2831,3
2832,3
2833,3
2834,3
2835,1
2836,1
2837,1
2838,1
2839,3
2840,3
2841,3
2842,3
2843,3
2844,3
2845,3
2846,3
2847,3
2848,3
2849,1
2850,1
2851,1
2852,1
2853,3
2854,3
2855,3
2856,3
2857,3
2858,3
2859,3
2860,3
2861,3
2862,3
2863,1
2864,1
2865,1
2866,1
2867,3
2868,3
2869,3
2870,3
2871,3
2872,3
2873,3
2874,3
2875,3
2876,3
2877,1
2878,1
2879,1
2880,3
2881,3
2882,3
2883,3
2884,3
2885,3
2886,3
2887,3
2888,3
2889,1
2890,1
2891,1
2892,3
2893,3
2894,3
2895,3
2896,3
2897,3
2898,3
2899,3
2900,1
2901,1
2902,1
2903,3
2904,3
2905,3
2906,3
2907,3
2908,3
2909,3
2910,3
2911,1
2912,1
2913,1
2914,3
2915,3
2916,3
2917,3
2918,3
2919,3
2920,4
2921,4
2922,1
2923,1
2924,1
2925,6
2926,6
2927,3
2928,3
2929,3
2930,3
2931,4
2932,4
2933,4
2934,1
2935,1
2936,1
2937,6
2938,6
2939,4
2940,4
2941,4
2942,4
2943,1
2944,1
2945,1
2946,6
2947,6
2948,4
2949,4
2950,4
2951,4
2952,1
2953,1
2954,6
2955,6
2956,6
2957,4
2958,4
2959,4
2960,4
2961,4
2962,1
2963,1
2964,6
2965,6
2966,6
2967,4
2968,4
2969,4
2970,4
2971,4
2972,4
2973,1
2974,1
2975,4
2976,4
2977,4
2978,4
2979,4
2980,1
2981,7
2982,7
2983,7
2984,4
2985,4
2986,4
2987,4
2988,4
2989,4
2990,1
2991,1
2992,7
2993,7
2994,4
2995,4
2996,4
2997,4
2998,4
2999,4
3000,4
3001,4
3002,1
3003,7
3004,7
3005,7
3006,4
3007,4
3008,4
3009,4
3010,4
3011,4
3012,4
3013,4
3014,4
3015,4
3016,4
3017,1
3018,7
3019,7
3020,7
3021,4
3022,4
3023,4
3024,4
3025,4
3026,4
3027,4
3028,4
3029,4
3030,4
3031,1
3032,1
3033,7
3034,7
3035,7
3036,4
3037,4
3038,4
3039,4
3040,4
3041,4
3042,4
3043,4
3044,1
3045,1
3046,7
3047,7
3048,4
3049,4
3050,4
3051,4
3052,4
3053,4
3054,4
3055,1
3056,1
3057,1
3058,4
3059,4
3060,4
3061,4
3062,4
3063,4
3064,1
3065,1
3066,1
3067,4
3068,4
3069,4
3070,1
3071,1
3072,1
3073,1
3074,1
3075,1
3076,1
3077,1
3078,1
3079,1
3080,1
3081,1
3082,1
3083,1
3084,3
3085,3
3086,3
3087,3
3088,3
3089,3
3090,3
3091,3
3092,3
3093,3
3094,3
3095,3
3096,3
3097,1
3098,3
3099,3
3100,3
3101,3
3102,3
3103,3
3104,3
3105,3
3106,1
3107,1
3108,3
3109,3
3110,3
3111,3
3112,3
3113,3
3114,3
3115,3
3116,3
3117,1
3118,1
3119,3
3120,3
3121,3
3122,3
3123,3
3124,3
3125,3
3126,3
3127,3
3128,3
3129,1
3130,1
3131,1
3132,3
3133,3
3134,3
3135,3
3136,3
3137,3
3138,3
3139,3
3140,3
3141,3
3142,1
3143,1
3144,1
3145,3
3146,3
3147,3
3148,3
3149,3
3150,3
3151,3
3152,3
3153,3
3154,3
3155,3
3156,1
3157,1
3158,1
3159,3
3160,3
3161,3
3162,3
3163,3
3164,3
3165,3
3166,3
3167,3
3168,3
3169,3
3170,1
3171,1
3172,1
3173,3
3174,3
3175,3
3176,3
3177,3
3178,3
3179,3
3180,3
3181,3
3182,3
3183,3
3184,1
3185,1
3186,1
3187,3
3188,3
3189,3
3190,3
3191,3
3192,3
3193,3
3194,3
3195,3
3196,3
3197,3
3198,1
3199,1
3200,1
3201,3
3202,3
3203,3
3204,3
3205,3
3206,3
3207,3
3208,3
3209,3
3210,3
3211,1
3212,1
3213,1
3214,3
3215,3
3216,3
3217,3
3218,3
3219,3
3220,3
3221,3
3222,3
3223,3
3224,1
3225,1
3226,1
3227,3
3228,3
3229,3
3230,3
3231,3
3232,3
3233,3
3234,3
3235,3
3236,1
3237,1
3238,1
3239,3
3240,3
3241,3
3242,3
3243,3
3244,3
3245,3
3246,3
3247,3
3248,1
3249,1
3250,1
3251,1
3252,3
3253,3
3254,3
3255,3
3256,3
3257,3
3258,3
3259,1
3260,1
3261,1
3262,1
3263,3
3264,3
3265,3
3266,3
3267,3
3268,3
3269,1
3270,1
3271,1
3272,1
3273,3
3274,3
3275,3
3276,4
3277,4
3278,1
3279,1
3280,1
3281,1
3282,4
3283,4
3284,4
3285,4
3286,1
3287,1
3288,1
3289,4
3290,4
3291,4
3292,4
3293,4
3294,1
3295,1
3296,1
3297,4
3298,4
3299,4
3300,4
3301,4
3302,4
3303,1
3304,1
3305,7
3306,7
3307,4
3308,4
3309,4
3310,4
3311,4
3312,4
3313,1
3314,1
3315,1
3316,7
3317,7
3318,7
3319,7
3320,4
3321,4
3322,4
3323,4
3324,4
3325,4
3326,4
3327,4
3328,1
3329,1
3330,7
3331,7
3332,7
3333,7
3334,4
3335,4
3336,4
3337,4
3338,4
3339,4
3340,4
3341,4
3342,4
3343,4
3344,1
3345,1
3346,7
3347,7
3348,7
3349,4
3350,4
3351,4
3352,4
3353,4
3354,4
3355,4
3356,4
3357,4
3358,1
3359,1
3360,7
3361,7
3362,7
3363,7
3364,4
3365,4
3366,4
3367,4
3368,4
3369,4
3370,4
3371,4
3372,1
3373,1
3374,7
3375,7
3376,7
3377,4
3378,4
3379,4
3380,4
3381,4
3382,4
3383,4
3384,1
3385,1
3386,1
3387,7
3388,7
3389,4
3390,4
3391,4
3392,4
3393,4
3394,4
3395,1
3396,1
3397,1
3398,4
3399,4
3400,4
3401,1
3402,1
3403,1
3404,1
3405,1
3406,1
3407,1
3408,1
3409,1
3410,1
3411,1
3412,1
3413,1
3414,3
3415,3
3416,3
3417,3
3418,3
3419,3
3420,3
3421,3
3422,3
3423,3
3424,3
3425,3
3426,3
3427,3
3428,3
3429,3
3430,3
3431,3
3432,3
3433,3
3434,3
3435,3
3436,3
3437,3
3438,1
3439,1
3440,3
3441,3
3442,3
3443,3
3444,3
3445,3
3446,3
3447,3
3448,1
3449,1
3450,3
3451,3
3452,3
3453,3
3454,3
3455,3
3456,3
3457,3
3458,3
3459,3
3460,1
3461,1
3462,3
3463,3
3464,3
3465,3
3466,3
3467,3
3468,3
3469,3
3470,3
3471,3
3472,1
3473,1
3474,3
3475,3
3476,3
3477,3
3478,3
3479,3
3480,3
3481,3
3482,3
3483,3
3484,3
3485,1
3486,1
3487,1
3488,3
3489,3
3490,3
3491,3
3492,3
3493,3
3494,3
3495,3
3496,3
3497,3
3498,3
3499,1
3500,1
3501,1
3502,3
3503,3
3504,3
3505,3
3506,3
3507,3
3508,3
3509,3
3510,3
3511,3
3512,3
3513,1
3514,1
3515,1
3516,3
3517,3
3518,3
3519,3
3520,3
3521,3
3522,3
3523,3
3524,3
3525,3
3526,3
3527,1
3528,1
3529,1
3530,3
3531,3
3532,3
3533,3
3534,3
3535,3
3536,3
3537,3
3538,3
3539,3
3540,3
3541,1
3542,1
3543,1
3544,3
3545,3
3546,3
3547,3
3548,3
3549,3
3550,3
3551,3
3552,3
3553,3
3554,1
3555,1
3556,1
3557,1
3558,3
3559,3
3560,3
3561,3
3562,3
3563,3
3564,3
3565,3
3566,3
3567,3
3568,1
3569,1
3570,1
3571,1
3572,3
3573,3
3574,3
3575,3
3576,3
3577,3
3578,3
3579,3
3580,3
3581,1
3582,1
3583,1
3584,1
3585,1
3586,3
3587,3
3588,3
3589,3
3590,3
3591,3
3592,3
3593,1
3594,1
3595,1
3596,1
3597,1
3598,3
3599,3
3600,3
3601,3
3602,3
3603,1
3604,1
3605,1
3606,1
3607,1
3608,1
3609,1
3610,1
3611,1
3612,1
3613,1
3614,1
3615,4
3616,1
3617,1
3618,1
3619,1
3620,1
3621,1
3622,4
3623,4
3624,4
3625,4
3626,1
3627,1
3628,1
3629,1
3630,1
3631,7
3632,7
3633,7
3634,4
3635,4
3636,4
3637,4
3638,4
3639,4
3640,4
3641,1
3642,1
3643,1
3644,7
3645,7
3646,7
3647,4
3648,4
3649,4
3650,4
3651,4
3652,4
3653,4
3654,4
3655,4
3656,1
3657,1
3658,1
3659,7
3660,7
3661,7
3662,7
3663,4
3664,4
3665,4
3666,4
3667,4
3668,4
3669,4
3670,4
3671,1
3672,1
3673,1
3674,7
3675,7
3676,7
3677,7
3678,4
3679,4
3680,4
3681,4
3682,4
3683,4
3684,4
3685,4
3686,1
3687,1
3688,1
3689,7
3690,7
3691,7
3692,4
3693,4
3694,4
3695,4
3696,4
3697,4
3698,4
3699,1
3700,1
3701,1
3702,7
3703,7
3704,4
3705,4
3706,4
3707,4
3708,4
3709,1
3710,1
3711,1
3712,4
3713,4
3714,4
3715,1
3716,1
3717,1
3718,1
3719,1
3720,1
3721,1
3722,1
3723,1
3724,1
3725,1
3726,1
3727,1
3728,1
3729,1
3730,3
3731,3
3732,3
3733,3
3734,3
3735,3
3736,3
3737,3
3738,3
3739,3
3740,3
3741,3
3742,3
3743,3
3744,3
3745,3
3746,3
3747,3
3748,3
3749,3
3750,3
3751,3
3752,3
3753,3
3754,3
3755,3
3756,3
3757,3
3758,3
3759,3
3760,1
3761,3
3762,3
3763,3
3764,3
3765,3
3766,3
3767,3
3768,3
3769,3
3770,3
3771,1
3772,1
3773,3
3774,3
3775,3
3776,3
3777,3
3778,3
3779,3
3780,3
3781,3
3782,3
3783,1
3784,1
3785,3
3786,3
3787,3
3788,3
3789,3
3790,3
3791,3
3792,3
3793,3
3794,3
3795,3
3796,1
3797,1
3798,3
3799,3
3800,3
3801,3
3802,3
3803,3
3804,3
3805,3
3806,3
3807,3
3808,3
3809,1
3810,1
3811,3
3812,3
3813,3
3814,3
3815,3
3816,3
3817,3
3818,3
3819,3
3820,3
3821,3
3822,1
3823,1
3824,3
3825,3
3826,3
3827,3
3828,3
3829,3
3830,3
3831,3
3832,3
3833,3
3834,1
3835,1
3836,3
3837,3
3838,3
3839,3
3840,3
3841,3
3842,3
3843,3
3844,3
3845,3
3846,1
3847,1
3848,1
3849,3
3850,3
3851,3
3852,3
3853,3
3854,3
3855,3
3856,3
3857,3
3858,3
3859,1
3860,1
3861,1
3862,3
3863,3
3864,3
3865,3
3866,3
3867,3
3868,3
3869,3
3870,3
3871,1
3872,1
3873,1
3874,1
3875,3
3876,3
3877,3
3878,3
3879,3
3880,3
3881,3
3882,3
3883,1
3884,1
3885,1
3886,1
3887,1
3888,3
3889,3
3890,3
3891,3
3892,3
3893,1
3894,1
3895,1
3896,1
3897,1
3898,1
3899,1
3900,1
3901,1
3902,1
3903,1
3904,1
3905,1
3906,1
3907,1
3908,1
3909,1
3910,1
3911,1
3912,1
3913,1
3914,1
3915,1
3916,1
3917,1
3918,1
3919,1
3920,1
3921,1
3922,1
3923,1
3924,1
3925,1
3926,1
3927,1
3928,7
3929,1
3930,1
3931,1
3932,1
3933,1
3934,1
3935,1
3936,1
3937,1
3938,1
3939,7
3940,7
3941,7
3942,1
3943,1
3944,1
3945,1
3946,1
3947,1
3948,1
3949,1
3950,7
3951,7
3952,7
3953,4
3954,4
3955,4
3956,4
3957,1
3958,1
3959,1
3960,1
3961,1
3962,1
3963,7
3964,7
3965,4
3966,4
3967,4
3968,4
3969,1
3970,1
3971,1
3972,1
3973,1
3974,7
3975,4
3976,4
3977,4
3978,1
3979,1
3980,1
3981,1
3982,1
3983,1
3984,1
3985,1
3986,1
3987,1
3988,1
3989,1
3990,1
3991,1
3992,1
3993,1
3994,1
3995,1
3996,1
3997,1
3998,1
3999,1
4000,1
4001,1
4002,3
4003,3
4004,3
4005,3
4006,3
4007,3
4008,3
4009,3
4010,3
4011,3
4012,3
4013,3
4014,3
4015,3
4016,3
4017,3
4018,3
4019,3
4020,3
4021,3
4022,3
4023,3
4024,3
4025,3
4026,3
4027,3
4028,3
4029,3
4030,3
4031,3
4032,3
4033,3
4034,1
4035,3
4036,3
4037,3
4038,3
4039,3
4040,3
4041,3
4042,3
4043,3
4044,3
4045,1
4046,1
4047,3
4048,3
4049,3
4050,3
4051,3
4052,3
4053,3
4054,3
4055,3
4056,3
4057,1
4058,1
4059,3
4060,3
4061,3
4062,3
4063,3
4064,3
4065,3
4066,3
4067,3
4068,3
4069,1
4070,1
4071,3
4072,3
4073,3
4074,3
4075,3
4076,3
4077,3
4078,3
4079,3
4080,3
4081,1
4082,1
4083,3
4084,3
4085,3
4086,3
4087,3
4088,3
4089,3
4090,3
4091,3
4092,3
4093,1
4094,1
4095,1
4096,3
4097,3
4098,3
4099,3
4100,3
4101,3
4102,3
4103,3
4104,3
4105,1
4106,1
4107,1
4108,3
4109,3
4110,3
4111,3
4112,3
4113,3
4114,3
4115,3
4116,1
4117,1
4118,1
4119,1
4120,3
4121,3
4122,3
4123,3
4124,3
4125,3
4126,3
4127,1
4128,1
4129,1
4130,1
4131,1
4132,3
4133,3
4134,3
4135,3
4136,1
4137,1
4138,1
4139,1
4140,1
4141,1
4142,1
4143,1
4144,1
4145,1
4146,1
4147,1
4148,1
4149,1
4150,1
4151,1
4152,1
4153,1
4154,1
4155,1
4156,1
4157,1
4158,1
4159,1
4160,1
4161,1
4162,1
4163,1
4164,1
4165,1
4166,1
4167,1
4168,1
4169,1
4170,1
4171,1
4172,1
4173,1
4174,1
4175,1
4176,1
4177,1
4178,1
4179,1
4180,1
4181,1
4182,1
4183,1
4184,1
4185,1
4186,1
4187,1
4188,1
4189,1
4190,1
4191,1
4192,1
4193,1
4194,1
4195,1
4196,1
4197,1
4198,1
4199,1
4200,1
4201,1
4202,1
4203,1
4204,1
4205,1
4206,1
4207,1
4208,1
4209,1
4210,1
4211,1
4212,1
4213,1
4214,1
4215,1
4216,1
4217,1
4218,1
4219,1
4220,1
4221,1
4222,1
4223,1
4224,1
4225,1
4226,1
4227,1
4228,1
4229,1
4230,1
4231,3
4232,3
4233,3
4234,3
4235,3
4236,3
4237,3
4238,3
4239,3
4240,3
4241,3
4242,3
4243,3
4244,3
4245,3
4246,3
4247,3
4248,3
4249,3
4250,3
4251,3
4252,3
4253,3
4254,3
4255,3
4256,3
4257,3
4258,3
4259,3
4260,3
4261,3
4262,3
4263,3
4264,3
4265,3
4266,3
4267,3
4268,3
4269,3
4270,3
4271,3
4272,3
4273,3
4274,3
4275,3
4276,3
4277,3
4278,3
4279,3
4280,3
4281,3
4282,3
4283,3
4284,3
4285,3
4286,3
4287,3
4288,3
4289,3
4290,3
4291,1
4292,1
4293,3
4294,3
4295,3
4296,3
4297,3
4298,3
4299,3
4300,3
4301,1
4302,1
4303,3
4304,3
4305,3
4306,3
4307,3
4308,3
4309,3
4310,1
4311,1
4312,1
4313,3
4314,3
4315,3
4316,3
4317,3
4318,1
4319,1
4320,1
4321,1
4322,1
4323,1
4324,1
4325,1
4326,1
4327,1
4328,1
4329,1
4330,1
4331,1
4332,1
4333,1
4334,1
4335,1
4336,1
4337,1
4338,1
4339,1
4340,1
4341,1
4342,1
4343,1
4344,1
4345,1
4346,1
4347,1
4348,1
4349,1
4350,1
4351,1
4352,1
4353,1
4354,1
4355,1
4356,1
4357,1
4358,1
4359,1
4360,1
4361,1
4362,1
4363,1
4364,1
4365,1
4366,1
4367,1
4368,1
4369,1
4370,1
4371,1
4372,1
4373,1
4374,1
4375,1
4376,1
4377,1
4378,1
4379,1
4380,1
4381,1
4382,1
4383,1
4384,1
4385,1
4386,1
4387,1
4388,1
4389,1
4390,1
4391,1
4392,1
4393,3
4394,3
4395,3
4396,3
4397,3
4398,3
4399,3
4400,3
4401,3
4402,3
4403,3
4404,3
4405,3
4406,3
4407,3
4408,3
4409,3
4410,3
4411,3
4412,3
4413,3
4414,3
4415,3
4416,3
4417,3
4418,3
4419,3
4420,1
4421,1
4422,1
4423,1
4424,1
4425,1
4426,1
4427,1
4428,1
4429,1
4430,1
4431,1
4432,1
4433,1
4434,1
4435,1
4436,1
4437,1
4438,1
4439,1
4440,1
4441,1
4442,1
4443,1
4444,3
4445,3
4446,3
4447,3
4448,3
4449,3
4450,3
4451,3
4452,3
4453,3
4454,3
4455,3
4456,3
4457,3
4458,3
4459,3
4460,3
4461,3
4462,3
4463,3
4464,3
4465,3
4466,3
4467,3
4468,3
4469,3
4470,3
4471,3
4472,3
4473,3
4474,3
4475,3
4476,3
4477,3
4478,3
4479,3
4480,3
4481,3
4482,3
4483,3
4484,3
4485,3
4486,3
4487,3
4488,3
4489,3
4490,3
4491,3
4492,3
4493,3
4494,3
4495,3
4496,1
4497,3
4498,3
4499,3
4500,3
4501,3
4502,1
4503,1
4504,1
4505,1
4506,1
4507,1
4508,1
4509,1
4510,1
4511,1
4512,1
4513,1
4514,1
4515,1
4516,1
4517,1
4518,1
4519,1
4520,1
4521,1
4522,1
4523,1
4524,1
4525,1
4526,1
4527,1
4528,1
4529,1
4530,1
4531,1
4532,1
4533,1
4534,1
4535,1
4536,1
4537,1
4538,1
4539,1
4540,1
4541,1
4542,1
4543,1
4544,1
4545,1
4546,1
4547,1
4548,1
4549,1
4550,1
4551,1
4552,1
4553,1
4554,1
4555,1
4556,1
4557,1
4558,1
4559,1
4560,1
4561,1
4562,1
4563,1
4564,1
4565,1
4566,3
4567,3
4568,3
4569,3
4570,3
4571,3
4572,3
4573,3
4574,3
4575,3
4576,3
4577,3
4578,3
4579,3
4580,3
4581,3
4582,3
4583,3
4584,3
4585,3
4586,3
4587,3
4588,3
4589,3
4590,3
4591,3
4592,3
4593,3
4594,3
4595,3
4596,3
4597,3
4598,3
4599,3
4600,3
4601,3
4602,3
4603,3
4604,3
4605,3
4606,3
4607,3
4608,3
4609,3
4610,1
4611,3
4612,3
4613,3
4614,3
4615,3
4616,3
4617,3
4618,3
4619,3
4620,1
4621,1
4622,3
4623,3
4624,3
4625,3
4626,3
4627,3
4628,3
4629,3
4630,3
4631,1
4632,1
4633,3
4634,3
4635,3
4636,3
4637,3
4638,3
4639,3
4640,3
4641,3
4642,1
4643,1
4644,3
4645,3
4646,3
4647,3
4648,3
4649,3
4650,3
4651,3
4652,1
4653,1
4654,1
4655,3
4656,3
4657,3
4658,3
4659,3
4660,3
4661,3
4662,1
4663,1
4664,1
4665,1
4666,3
4667,3
4668,3
4669,3
4670,3
4671,1
4672,1
4673,1
4674,1
4675,1
4676,1
4677,1
4678,1
4679,1
4680,1
4681,1
4682,1
4683,1
4684,1
4685,1
4686,1
4687,1
4688,1
4689,1
4690,1
4691,1
4692,1
4693,1
4694,1
4695,1
4696,1
4697,1
4698,1
4699,1
4700,1
4701,1
4702,1
4703,1
4704,1
4705,1
4706,1
4707,1
4708,1
4709,1
4710,1
4711,1
4712,1
4713,1
4714,1
4715,1
4716,1
4717,1
4718,1
4719,1
4720,1
4721,1
4722,1
4723,1
4724,1
4725,1
4726,1
4727,1
4728,1
4729,1
4730,1
4731,1
4732,1
4733,1
4734,1
4735,1
4736,1
4737,1
4738,1
4739,1
4740,1
4741,1
4742,1
4743,1
4744,1
4745,1
4746,1
4747,1
4748,1
4749,1
4750,1
4751,1
4752,1
4753,1
4754,1
4755,1
4756,1
4757,1
4758,1
4759,1
4760,1
4761,1
4762,3
4763,3
4764,3
4765,3
4766,3
4767,3
4768,3
4769,3
4770,3
4771,3
4772,3
4773,3
4774,3
4775,3
4776,3
4777,3
4778,3
4779,3
4780,3
4781,3
4782,3
4783,3
4784,3
4785,3
4786,3
4787,3
4788,3
4789,1
4790,3
4791,3
4792,3
4793,3
4794,3
4795,3
4796,3
4797,3
4798,3
4799,3
4800,1
4801,3
4802,3
4803,3
4804,3
4805,3
4806,3
4807,3
4808,3
4809,3
4810,3
4811,1
4812,1
4813,3
4814,3
4815,3
4816,3
4817,3
4818,3
4819,3
4820,3
4821,3
4822,3
4823,1
4824,1
4825,3
4826,3
4827,3
4828,3
4829,3
4830,3
4831,3
4832,3
4833,3
4834,3
4835,3
4836,1
4837,1
4838,3
4839,3
4840,3
4841,3
4842,3
4843,3
4844,3
4845,3
4846,3
4847,3
4848,1
4849,1
4850,3
4851,3
4852,3
4853,3
4854,3
4855,3
4856,3
4857,3
4858,3
4859,3
4860,1
4861,1
4862,3
4863,3
4864,3
4865,3
4866,3
4867,3
4868,3
4869,3
4870,3
4871,3
4872,1
4873,1
4874,1
4875,3
4876,3
4877,3
4878,3
4879,3
4880,3
4881,3
4882,3
4883,3
4884,1
4885,1
4886,1
4887,3
4888,3
4889,3
4890,3
4891,3
4892,3
4893,3
4894,3
4895,1
4896,1
4897,1
4898,1
4899,3
4900,3
4901,3
4902,3
4903,3
4904,3
4905,3
4906,1
4907,1
4908,1
4909,1
4910,1
4911,1
4912,3
4913,1
4914,1
4915,1
4916,1
4917,1
4918,1
4919,1
4920,1
4921,1
4922,1
4923,1
4924,1
4925,1
4926,1
4927,1
4928,1
4929,1
4930,1
4931,1
4932,1
4933,1
4934,1
4935,1
4936,1
4937,1
4938,1
4939,1
4940,1
4941,1
4942,1
4943,1
4944,1
4945,1
4946,1
4947,1
4948,7
4949,7
4950,1
4951,1
4952,1
4953,1
4954,1
4955,1
4956,1
4957,1
4958,1
4959,1
4960,7
4961,7
4962,1
4963,1
4964,1
4965,1
4966,1
4967,1
4968,1
4969,1
4970,1
4971,7
4972,7
4973,4
4974,4
4975,4
4976,1
4977,1
4978,1
4979,1
4980,1
4981,1
4982,4
4983,4
4984,4
4985,1
4986,1
4987,1
4988,1
4989,1
4990,1
4991,4
4992,1
4993,1
4994,1
4995,1
4996,1
4997,1
4998,1
4999,1
5000,1
5001,1
5002,1
5003,1
5004,1
5005,1
5006,1
5007,1
5008,1
5009,1
5010,3
5011,3
5012,3
5013,3
5014,3
5015,3
5016,3
5017,3
5018,3
5019,3
5020,3
5021,3
5022,3
5023,3
5024,3
5025,3
5026,3
5027,3
5028,3
5029,3
5030,3
5031,3
5032,3
5033,1
5034,1
5035,3
5036,3
5037,3
5038,3
5039,3
5040,3
5041,3
5042,3
5043,1
5044,1
5045,3
5046,3
5047,3
5048,3
5049,3
5050,3
5051,3
5052,3
5053,3
5054,3
5055,1
5056,1
5057,3
5058,3
5059,3
5060,3
5061,3
5062,3
5063,3
5064,3
5065,3
5066,3
5067,3
5068,1
5069,1
5070,3
5071,3
5072,3
5073,3
5074,3
5075,3
5076,3
5077,3
5078,3
5079,3
5080,3
5081,1
5082,1
5083,3
5084,3
5085,3
5086,3
5087,3
5088,3
5089,3
5090,3
5091,3
5092,3
5093,3
5094,1
5095,1
5096,1
5097,3
5098,3
5099,3
5100,3
5101,3
5102,3
5103,3
5104,3
5105,3
5106,3
5107,3
5108,1
5109,1
5110,1
5111,3
5112,3
5113,3
5114,3
5115,3
5116,3
5117,3
5118,3
5119,3
5120,3
5121,3
5122,1
5123,1
5124,1
5125,3
5126,3
5127,3
5128,3
5129,3
5130,3
5131,3
5132,3
5133,3
5134,3
5135,3
5136,1
5137,1
5138,1
5139,3
5140,3
5141,3
5142,3
5143,3
5144,3
5145,3
5146,3
5147,3
5148,3
5149,1
5150,1
5151,1
5152,1
5153,3
5154,3
5155,3
5156,3
5157,3
5158,3
5159,3
5160,3
5161,3
5162,3
5163,1
5164,1
5165,1
5166,1
5167,3
5168,3
5169,3
5170,3
5171,3
5172,3
5173,3
5174,3
5175,3
5176,1
5177,1
5178,1
5179,1
5180,1
5181,3
5182,3
5183,3
5184,3
5185,3
5186,3
5187,1
5188,1
5189,1
5190,1
5191,1
5192,3
5193,1
5194,1
5195,1
5196,1
5197,1
5198,1
5199,1
5200,1
5201,1
5202,1
5203,1
5204,1
5205,1
5206,1
5207,1
5208,1
5209,1
5210,1
5211,1
5212,7
5213,4
5214,4
5215,4
5216,4
5217,1
5218,1
5219,1
5220,1
5221,1
5222,7
5223,7
5224,7
5225,7
5226,4
5227,4
5228,4
5229,4
5230,4
5231,4
5232,4
5233,1
5234,1
5235,1
5236,1
5237,7
5238,7
5239,7
5240,7
5241,4
5242,4
5243,4
5244,4
5245,4
5246,4
5247,4
5248,4
5249,1
5250,1
5251,1
5252,7
5253,7
5254,7
5255,4
5256,4
5257,4
5258,4
5259,4
5260,4
5261,4
5262,4
5263,1
5264,1
5265,1
5266,7
5267,7
5268,7
5269,4
5270,4
5271,4
5272,4
5273,4
5274,4
5275,4
5276,1
5277,1
5278,1
5279,7
5280,7
5281,4
5282,4
5283,4
5284,4
5285,4
5286,1
5287,1
5288,1
5289,7
5290,4
5291,4
5292,4
5293,4
5294,1
5295,1
5296,1
5297,1
5298,1
5299,1
5300,1
5301,1
5302,1
5303,1
5304,1
5305,1
5306,1
5307,3
5308,3
5309,3
5310,3
5311,3
5312,3
5313,3
5314,3
5315,3
5316,3
5317,3
5318,3
5319,3
5320,3
5321,3
5322,3
5323,1
5324,3
5325,3
5326,3
5327,3
5328,3
5329,3
5330,3
5331,3
5332,1
5333,1
5334,3
5335,3
5336,3
5337,3
5338,3
5339,3
5340,3
5341,3
5342,1
5343,1
5344,3
5345,3
5346,3
5347,3
5348,3
5349,3
5350,3
5351,3
5352,3
5353,3
5354,1
5355,1
5356,1
5357,3
5358,3
5359,3
5360,3
5361,3
5362,3
5363,3
5364,3
5365,3
5366,3
5367,3
5368,1
5369,1
5370,3
5371,3
5372,3
5373,3
5374,3
5375,3
5376,3
5377,3
5378,3
5379,3
5380,3
5381,1
5382,1
5383,1
5384,3
5385,3
5386,3
5387,3
5388,3
5389,3
5390,3
5391,3
5392,3
5393,3
5394,3
5395,1
5396,1
5397,1
5398,3
5399,3
5400,3
5401,3
5402,3
5403,3
5404,3
5405,3
5406,3
5407,3
5408,3
5409,1
5410,1
5411,1
5412,3
5413,3
5414,3
5415,3
5416,3
5417,3
5418,3
5419,3
5420,3
5421,3
5422,1
5423,1
5424,1
5425,3
5426,3
5427,3
5428,3
5429,3
5430,3
5431,3
5432,3
5433,3
5434,3
5435,1
5436,1
5437,1
5438,3
5439,3
5440,3
5441,3
5442,3
5443,3
5444,3
5445,3
5446,3
5447,3
5448,1
5449,1
5450,1
5451,3
5452,3
5453,3
5454,3
5455,3
5456,3
5457,3
5458,3
5459,3
5460,1
5461,1
5462,1
5463,3
5464,3
5465,3
5466,3
5467,3
5468,3
5469,3
5470,3
5471,3
5472,1
5473,1
5474,1
5475,1
5476,3
5477,3
5478,3
5479,3
5480,3
5481,3
5482,3
5483,1
5484,1
5485,1
5486,1
5487,3
5488,3
5489,3
5490,3
5491,3
5492,1
5493,1
5494,1
5495,1
5496,4
5497,4
5498,1
5499,1
5500,1
5501,1
5502,4
5503,4
5504,4
5505,1
5506,1
5507,1
5508,4
5509,4
5510,4
5511,4
5512,4
5513,1
5514,1
5515,1
5516,4
5517,4
5518,4
5519,4
5520,4
5521,1
5522,1
5523,1
5524,7
5525,7
5526,7
5527,4
5528,4
5529,4
5530,4
5531,4
5532,4
5533,4
5534,1
5535,1
5536,7
5537,7
5538,7
5539,4
5540,4
5541,4
5542,4
5543,4
5544,4
5545,4
5546,4
5547,4
5548,4
5549,1
5550,1
5551,7
5552,7
5553,7
5554,7
5555,4
5556,4
5557,4
5558,4
5559,4
5560,4
5561,4
5562,4
5563,4
5564,1
5565,7
5566,7
5567,7
5568,4
5569,4
5570,4
5571,4
5572,4
5573,4
5574,4
5575,4
5576,4
5577,1
5578,7
5579,7
5580,7
5581,4
5582,4
5583,4
5584,4
5585,4
5586,4
5587,4
5588,4
5589,1
5590,1
5591,7
5592,7
5593,4
5594,4
5595,4
5596,4
5597,4
5598,4
5599,4
5600,1
5601,1
5602,4
5603,4
5604,4
5605,4
5606,1
5607,1
5608,1
5609,1
5610,1
5611,1
5612,1
5613,1
5614,3
5615,3
5616,3
5617,3
5618,3
5619,3
5620,3
5621,3
5622,3
5623,3
5624,3
5625,1
5626,1
5627,3
5628,3
5629,3
5630,3
5631,3
5632,3
5633,3
5634,3
5635,1
5636,1
5637,1
5638,3
5639,3
5640,3
5641,3
5642,3
5643,3
5644,3
5645,3
5646,3
5647,1
5648,1
5649,1
5650,3
5651,3
5652,3
5653,3
5654,3
5655,3
5656,3
5657,3
5658,3
5659,3
5660,1
5661,1
5662,1
5663,3
5664,3
5665,3
5666,3
5667,3
5668,3
5669,3
5670,3
5671,3
5672,3
5673,1
5674,1
5675,1
5676,3
5677,3
5678,3
5679,3
5680,3
5681,3
5682,3
5683,3
5684,3
5685,3
5686,3
5687,1
5688,1
5689,1
5690,3
5691,3
5692,3
5693,3
5694,3
5695,3
5696,3
5697,3
5698,3
5699,3
5700,3
5701,1
5702,1
5703,1
5704,3
5705,3
5706,3
5707,3
5708,3
5709,3
5710,3
5711,3
5712,3
5713,3
5714,3
5715,1
5716,1
5717,1
5718,1
5719,3
5720,3
5721,3
5722,3
5723,3
5724,3
5725,3
5726,3
5727,3
5728,3
5729,1
5730,1
5731,1
5732,3
5733,3
5734,3
5735,3
5736,3
5737,3
5738,3
5739,3
5740,3
5741,3
5742,1
5743,1
5744,1
5745,3
5746,3
5747,3
5748,3
5749,3
5750,3
5751,3
5752,3
5753,3
5754,3
5755,1
5756,1
5757,1
5758,3
5759,3
5760,3
5761,3
5762,3
5763,3
5764,3
5765,3
5766,3
5767,1
5768,1
5769,1
5770,1
5771,3
5772,3
5773,3
5774,3
5775,3
5776,3
5777,3
5778,3
5779,1
5780,1
5781,1
5782,1
5783,3
5784,3
5785,3
5786,3
5787,3
5788,3
5789,3
5790,1
5791,1
5792,1
5793,3
5794,3
5795,3
5796,3
5797,3
5798,3
5799,4
5800,4
5801,1
5802,1
5803,3
5804,3
5805,3
5806,4
5807,4
5808,4
5809,1
5810,1
5811,6
5812,4
5813,4
5814,4
5815,4
5816,1
5817,1
5818,6
5819,4
5820,4
5821,4
5822,4
5823,1
5824,1
5825,6
5826,4
5827,4
5828,4
5829,4
5830,4
5831,1
5832,4
5833,4
5834,4
5835,4
5836,4
5837,4
5838,1
5839,7
5840,7
5841,4
5842,4
5843,4
5844,4
5845,4
5846,4
5847,7
5848,7
5849,4
5850,4
5851,4
5852,4
5853,4
5854,4
5855,4
5856,7
5857,7
5858,4
5859,4
5860,4
5861,4
5862,4
5863,4
5864,4
5865,4
5866,4
5867,4
5868,7
5869,7
5870,4
5871,4
5872,4
5873,4
5874,4
5875,4
5876,4
5877,4
5878,4
5879,4
5880,7
5881,7
5882,4
5883,4
5884,4
5885,4
5886,4
5887,4
5888,4
5889,4
5890,4
5891,7
5892,7
5893,7
5894,4
5895,4
5896,4
5897,4
5898,4
5899,4
5900,4
5901,4
5902,1
5903,4
5904,4
5905,4
5906,4
5907,4
5908,4
5909,1
5910,1
5911,4
5912,4
5913,4
5914,4
5915,4
5916,1
5917,1
5918,1
5919,1
5920,1
5921,1
5922,1
5923,1
5924,1
5925,1
5926,1
5927,3
5928,3
5929,3
5930,3
5931,1
5932,1
5933,1
5934,3
5935,3
5936,3
5937,3
5938,3
5939,3
5940,3
5941,1
5942,1
5943,1
5944,3
5945,3
5946,3
5947,3
5948,3
5949,3
5950,3
5951,3
5952,1
5953,1
5954,1
5955,1
5956,3
5957,3
5958,3
5959,3
5960,3
5961,3
5962,3
5963,3
5964,3
5965,1
5966,1
5967,1
5968,3
5969,3
5970,3
5971,3
5972,3
5973,3
5974,3
5975,3
5976,3
5977,3
5978,1
5979,1
5980,1
5981,1
5982,3
5983,3
5984,3
5985,3
5986,3
5987,3
5988,3
5989,3
5990,3
5991,3
5992,3
5993,1
5994,1
5995,1
5996,3
5997,3
5998,3
5999,3
6000,3
6001,3
6002,3
6003,3
6004,3
6005,3
6006,3
6007,1
6008,1
6009,1
6010,1
6011,3
6012,3
6013,3
6014,3
6015,3
6016,3
6017,3
6018,3
6019,3
6020,3
6021,3
6022,1
6023,1
6024,1
6025,1
6026,3
6027,3
6028,3
6029,3
6030,3
6031,3
6032,3
6033,3
6034,3
6035,3
6036,1
6037,1
6038,1
6039,3
6040,3
6041,3
6042,3
6043,3
6044,3
6045,3
6046,3
6047,3
6048,3
6049,1
6050,1
6051,1
6052,3
6053,3
6054,3
6055,3
6056,3
6057,3
6058,3
6059,3
6060,3
6061,3
6062,1
6063,1
6064,1
6065,0
6066,3
6067,3
6068,3
6069,3
6070,3
6071,3
6072,3
6073,3
6074,3
6075,1
6076,1
6077,1
6078,0
6079,0
6080,0
6081,3
6082,3
6083,3
6084,3
6085,3
6086,3
6087,3
6088,3
6089,1
6090,1
6091,0
6092,2
6093,3
6094,3
6095,3
6096,3
6097,3
6098,3
6099,3
6100,4
6101,4
6102,1
6103,1
6104,2
6105,2
6106,3
6107,3
6108,3
6109,3
6110,3
6111,4
6112,4
6113,1
6114,1
6115,2
6116,2
6117,2
6118,6
6119,6
6120,6
6121,3
6122,3
6123,3
6124,4
6125,4
6126,4
6127,1
6128,1
6129,6
6130,6
6131,6
6132,4
6133,4
6134,4
6135,1
6136,1
6137,6
6138,6
6139,6
6140,6
6141,4
6142,4
6143,4
6144,4
6145,1
6146,6
6147,6
6148,6
6149,6
6150,4
6151,4
6152,4
6153,4
6154,6
6155,6
6156,6
6157,6
6158,4
6159,4
6160,4
6161,4
6162,4
6163,6
6164,6
6165,6
6166,4
6167,4
6168,4
6169,4
6170,4
6171,4
6172,5
6173,5
6174,4
6175,4
6176,4
6177,4
6178,4
6179,5
6180,5
6181,5
6182,4
6183,4
6184,4
6185,4
6186,4
6187,4
6188,4
6189,5
6190,5
6191,5
6192,4
6193,4
6194,4
6195,4
6196,4
6197,4
6198,4
6199,4
6200,4
6201,4
6202,4
6203,4
6204,4
6205,4
6206,4
6207,4
6208,4
6209,4
6210,4
6211,4
6212,4
6213,4
6214,4
6215,4
6216,4
6217,4
6218,4
6219,7
6220,4
6221,4
6222,4
6223,4
6224,4
6225,4
6226,4
6227,4
6228,4
6229,4
6230,4
6231,4
6232,4
6233,4
6234,4
6235,4
6236,4
6237,4
6238,4
6239,4
6240,4
6241,4
6242,4
6243,4
6244,4
6245,4
6246,4
6247,1
6248,1
6249,4
6250,4
6251,1
6252,1
6253,1
6254,1
6255,1
6256,1
6257,1
6258,1
6259,1
6260,1
6261,1
6262,1
6263,0
6264,1
6265,1
6266,1
6267,1
6268,3
6269,3
6270,3
6271,3
6272,3
6273,1
6274,1
6275,1
6276,1
6277,1
6278,3
6279,3
6280,3
6281,3
6282,3
6283,3
6284,3
6285,1
6286,1
6287,1
6288,1
6289,3
6290,3
6291,3
6292,3
6293,3
6294,3
6295,3
6296,3
6297,1
6298,1
6299,1
6300,1
6301,1
6302,3
6303,3
6304,3
6305,3
6306,3
6307,3
6308,3
6309,3
6310,3
6311,1
6312,1
6313,1
6314,1
6315,3
6316,3
6317,3
6318,3
6319,3
6320,3
6321,3
6322,3
6323,3
6324,3
6325,1
6326,1
6327,1
6328,1
6329,3
6330,3
6331,3
6332,3
6333,3
6334,3
6335,3
6336,3
6337,3
6338,3
6339,1
6340,1
6341,1
6342,1
6343,3
6344,3
6345,3
6346,3
6347,3
6348,3
6349,3
6350,3
6351,3
6352,3
6353,3
6354,1
6355,1
6356,1
6357,1
6358,3
6359,3
6360,3
6361,3
6362,3
6363,3
6364,3
6365,3
6366,3
6367,3
6368,3
6369,1
6370,1
6371,1
6372,1
6373,3
6374,3
6375,3
6376,3
6377,3
6378,3
6379,3
6380,3
6381,3
6382,3
6383,1
6384,1
6385,1
6386,3
6387,3
6388,3
6389,3
6390,3
6391,3
6392,3
6393,3
6394,3
6395,1
6396,1
6397,1
6398,0
6399,0
6400,3
6401,3
6402,3
6403,3
6404,3
6405,3
6406,3
6407,3
6408,4
6409,1
6410,0
6411,0
6412,0
6413,3
6414,3
6415,3
6416,3
6417,3
6418,3
6419,3
6420,3
6421,4
6422,4
6423,1
6424,0
6425,0
6426,0
6427,2
6428,2
6429,3
6430,3
6431,3
6432,3
6433,3
6434,3
6435,3
6436,4
6437,4
6438,1
6439,0
6440,0
6441,2
6442,2
6443,2
6444,3
6445,3
6446,3
6447,3
6448,3
6449,4
6450,4
6451,2
6452,2
6453,2
6454,2
6455,6
6456,6
6457,3
6458,3
6459,4
6460,4
6461,4
6462,2
6463,2
6464,2
6465,2
6466,6
6467,6
6468,6
6469,6
6470,4
6471,4
6472,4
6473,2
6474,2
6475,2
6476,2
6477,6
6478,6
6479,6
6480,6
6481,6
6482,4
6483,4
6484,4
6485,2
6486,6
6487,6
6488,6
6489,6
6490,6
6491,6
6492,4
6493,4
6494,4
6495,4
6496,6
6497,6
6498,6
6499,6
6500,6
6501,4
6502,4
6503,4
6504,4
6505,6
6506,6
6507,6
6508,6
6509,6
6510,4
6511,4
6512,4
6513,4
6514,5
6515,5
6516,6
6517,6
6518,6
6519,6
6520,4
6521,4
6522,4
6523,4
6524,4
6525,5
6526,5
6527,5
6528,5
6529,5
6530,4
6531,4
6532,4
6533,4
6534,4
6535,5
6536,5
6537,5
6538,5
6539,4
6540,4
6541,4
6542,4
6543,4
6544,5
6545,5
6546,5
6547,5
6548,4
6549,4
6550,4
6551,4
6552,4
6553,5
6554,5
6555,5
6556,5
6557,4
6558,4
6559,4
6560,4
6561,4
6562,4
6563,4
6564,5
6565,5
6566,4
6567,4
6568,4
6569,4
6570,4
6571,4
6572,4
6573,4
6574,4
6575,4
6576,4
6577,4
6578,4
6579,4
6580,4
6581,4
6582,4
6583,4
6584,4
6585,4
6586,4
6587,4
6588,4
6589,4
6590,4
6591,4
6592,4
6593,4
6594,4
6595,4
6596,4
6597,4
6598,4
6599,4
6600,4
6601,4
6602,4
6603,4
6604,1
6605,1
6606,1
6607,1
6608,1
6609,1
6610,1
6611,1
6612,1
6613,1
6614,0
6615,0
6616,1
6617,1
6618,1
6619,1
6620,1
6621,1
6622,1
6623,1
6624,1
6625,1
6626,1
6627,3
6628,3
6629,3
6630,3
6631,3
6632,1
6633,1
6634,1
6635,1
6636,1
6637,3
6638,3
6639,3
6640,3
6641,3
6642,3
6643,1
6644,1
6645,1
6646,1
6647,1
6648,3
6649,3
6650,3
6651,3
6652,3
6653,3
6654,3
6655,1
6656,1
6657,1
6658,1
6659,1
6660,3
6661,3
6662,3
6663,3
6664,3
6665,3
6666,3
6667,3
6668,3
6669,1
6670,1
6671,1
6672,1
6673,3
6674,3
6675,3
6676,3
6677,3
6678,3
6679,3
6680,3
6681,3
6682,3
6683,1
6684,1
6685,1
6686,1
6687,3
6688,3
6689,3
6690,3
6691,3
6692,3
6693,3
6694,3
6695,3
6696,3
6697,1
6698,1
6699,1
6700,3
6701,3
6702,3
6703,3
6704,3
6705,3
6706,3
6707,3
6708,3
6709,3
6710,1
6711,1
6712,3
6713,3
6714,3
6715,3
6716,3
6717,3
6718,3
6719,3
6720,3
6721,1
6722,0
6723,3
6724,3
6725,3
6726,3
6727,3
6728,3
6729,3
6730,3
6731,0
6732,0
6733,0
6734,3
6735,3
6736,3
6737,3
6738,3
6739,3
6740,3
6741,4
6742,0
6743,0
6744,0
6745,0
6746,3
6747,3
6748,3
6749,3
6750,3
6751,3
6752,4
6753,0
6754,0
6755,0
6756,0
6757,2
6758,3
6759,3
6760,3
6761,3
6762,3
6763,4
6764,0
6765,0
6766,0
6767,0
6768,2
6769,2
6770,2
6771,4
6772,0
6773,0
6774,0
6775,2
6776,2
6777,2
6778,2
6779,6
6780,6
6781,6
6782,4
6783,0
6784,2
6785,2
6786,2
6787,2
6788,2
6789,6
6790,6
6791,6
6792,6
6793,6
6794,4
6795,4
6796,2
6797,2
6798,2
6799,2
6800,2
6801,2
6802,6
6803,6
6804,6
6805,6
6806,6
6807,6
6808,4
6809,4
6810,2
6811,2
6812,2
6813,2
6814,2
6815,2
6816,6
6817,6
6818,6
6819,6
6820,6
6821,6
6822,6
6823,4
6824,4
6825,2
6826,2
6827,2
6828,6
6829,6
6830,6
6831,6
6832,6
6833,6
6834,6
6835,4
6836,4
6837,6
6838,6
6839,6
6840,6
6841,6
6842,4
6843,4
6844,6
6845,6
6846,6
6847,6
6848,6
6849,4
6850,4
6851,4
6852,5
6853,5
6854,5
6855,5
6856,6
6857,6
6858,4
6859,4
6860,4
6861,5
6862,5
6863,5
6864,5
6865,5
6866,5
6867,5
6868,4
6869,4
6870,4
6871,5
6872,5
6873,5
6874,5
6875,5
6876,5
6877,4
6878,4
6879,4
6880,4
6881,5
6882,5
6883,5
6884,5
6885,5
6886,5
6887,4
6888,4
6889,4
6890,4
6891,5
6892,5
6893,5
6894,5
6895,5
6896,4
6897,4
6898,4
6899,4
6900,5
6901,5
6902,5
6903,5
6904,5
6905,4
6906,4
6907,4
6908,4
6909,4
6910,5
6911,5
6912,5
6913,4
6914,4
6915,4
6916,4
6917,4
6918,4
6919,4
6920,4
6921,4
6922,4
6923,4
6924,4
6925,4
6926,4
6927,4
6928,4
6929,4
6930,4
6931,4
6932,4
6933,4
6934,4
6935,1
6936,1
6937,1
6938,1
6939,1
6940,1
6941,0
6942,0
6943,0
6944,1
6945,1
6946,1
6947,1
6948,1
6949,1
6950,1
6951,1
6952,1
6953,1
6954,1
6955,1
6956,3
6957,3
6958,3
6959,3
6960,1
6961,1
6962,1
6963,1
6964,1
6965,1
6966,3
6967,3
6968,3
6969,3
6970,3
6971,1
6972,1
6973,1
6974,1
6975,1
6976,3
6977,3
6978,3
6979,3
6980,3
6981,3
6982,1
6983,1
6984,1
6985,1
6986,3
6987,3
6988,3
6989,3
6990,3
6991,3
6992,3
6993,1
6994,1
6995,1
6996,3
6997,3
6998,3
6999,3
7000,3
7001,3
7002,3
7003,3
7004,3
7005,3
7006,3
7007,3
7008,3
7009,3
7010,3
7011,3
7012,3
7013,3
7014,3
7015,3
7016,3
7017,3
7018,3
7019,3
7020,3
7021,3
7022,3
7023,3
7024,3
7025,3
7026,3
7027,0
7028,0
7029,0
7030,3
7031,0
7032,0
7033,0
7034,0
7035,0
7036,0
7037,0
7038,0
7039,0
7040,0
7041,0
7042,0
7043,0
7044,0
7045,2
7046,2
7047,6
7048,6
7049,0
7050,0
7051,0
7052,0
7053,2
7054,2
7055,2
7056,6
7057,6
7058,6
7059,6
7060,6
7061,0
7062,0
7063,0
7064,0
7065,2
7066,2
7067,2
7068,2
7069,6
7070,6
7071,6
7072,6
7073,6
7074,6
7075,0
7076,0
7077,2
7078,2
7079,2
7080,2
7081,2
7082,6
7083,6
7084,6
7085,6
7086,6
7087,6
7088,2
7089,2
7090,2
7091,2
7092,2
7093,2
7094,2
7095,6
7096,6
7097,6
7098,6
7099,6
7100,6
7101,6
7102,2
7103,2
7104,2
7105,2
7106,2
7107,2
7108,2
7109,2
7110,6
7111,6
7112,6
7113,6
7114,6
7115,6
7116,6
7117,2
7118,2
7119,2
7120,2
7121,2
7122,6
7123,6
7124,6
7125,6
7126,6
7127,6
7128,2
7129,6
7130,6
7131,6
7132,6
7133,6
7134,6
7135,6
7136,6
7137,6
7138,5
7139,5
7140,5
7141,5
7142,5
7143,5
7144,5
7145,5
7146,5
7147,5
7148,5
7149,5
7150,5
7151,5
7152,5
7153,5
7154,5
7155,5
7156,5
7157,5
7158,5
7159,5
7160,5
7161,5
7162,5
7163,5
7164,5
7165,5
7166,5
7167,5
7168,5
7169,5
7170,5
7171,5
7172,5
7173,5
7174,5
7175,5
7176,5
7177,5
7178,5
7179,5
7180,5
7181,5
7182,5
7183,5
7184,5
7185,5
7186,5
7187,5
7188,5
7189,5
7190,5
7191,5
7192,1
7193,1
7194,1
7195,1
7196,1
7197,1
7198,1
7199,0
7200,1
7201,1
7202,1
7203,1
7204,1
7205,1
7206,0
7207,0
7208,0
7209,1
7210,1
7211,1
7212,1
7213,1
7214,1
7215,1
7216,0
7217,0
7218,0
7219,1
7220,1
7221,1
7222,1
7223,1
7224,1
7225,1
7226,3
7227,3
7228,1
7229,1
7230,1
7231,1
7232,1
7233,1
7234,0
7235,3
7236,3
7237,3
7238,1
7239,1
7240,1
7241,1
7242,0
7243,3
7244,3
7245,3
7246,3
7247,3
7248,3
7249,3
7250,3
7251,3
7252,3
7253,3
7254,3
7255,3
7256,3
7257,3
7258,3
7259,3
7260,3
7261,0
7262,3
7263,3
7264,3
7265,0
7266,0
7267,0
7268,0
7269,0
7270,0
7271,0
7272,0
7273,0
7274,0
7275,0
7276,0
7277,0
7278,0
7279,0
7280,0
7281,0
7282,6
7283,6
7284,0
7285,0
7286,0
7287,0
7288,0
7289,2
7290,6
7291,6
7292,6
7293,6
7294,0
7295,0
7296,0
7297,0
7298,0
7299,2
7300,2
7301,6
7302,6
7303,6
7304,6
7305,6
7306,6
7307,0
7308,0
7309,0
7310,0
7311,2
7312,2
7313,2
7314,2
7315,2
7316,6
7317,6
7318,6
7319,6
7320,6
7321,6
7322,6
7323,0
7324,0
7325,2
7326,2
7327,2
7328,2
7329,2
7330,2
7331,2
7332,6
7333,6
7334,6
7335,6
7336,6
7337,6
7338,6
7339,2
7340,2
7341,2
7342,2
7343,2
7344,2
7345,2
7346,2
7347,6
7348,6
7349,6
7350,6
7351,6
7352,6
7353,2
7354,2
7355,2
7356,2
7357,2
7358,2
7359,2
7360,2
7361,6
7362,6
7363,6
7364,6
7365,6
7366,6
7367,5
7368,5
7369,2
7370,2
7371,2
7372,2
7373,2
7374,2
7375,2
7376,6
7377,6
7378,6
7379,6
7380,5
7381,5
7382,5
7383,5
7384,2
7385,2
7386,2
7387,2
7388,6
7389,6
7390,5
7391,5
7392,5
7393,5
7394,5
7395,5
7396,5
7397,5
7398,5
7399,5
7400,5
7401,5
7402,5
7403,5
7404,5
7405,5
7406,5
7407,5
7408,5
7409,5
7410,5
7411,5
7412,5
7413,5
7414,5
7415,5
7416,5
7417,5
7418,5
7419,5
7420,5
7421,5
7422,5
7423,5
7424,5
7425,5
7426,5
7427,5
7428,5
7429,5
7430,5
7431,5
7432,5
7433,5
7434,5
7435,5
7436,5
7437,5
7438,5
7439,5
7440,5
7441,5
7442,5
7443,5
7444,5
7445,5
7446,5
7447,5
7448,5
7449,5
7450,5
7451,5
7452,5
7453,5
7454,5
7455,5
7456,5
7457,5
7458,5
7459,5
7460,5
7461,5
7462,5
7463,5
7464,5
7465,5
7466,1
7467,1
7468,1
7469,1
7470,1
7471,1
7472,1
7473,1
7474,1
7475,1
7476,1
7477,1
7478,1
7479,1
7480,1
7481,0
7482,1
7483,1
7484,1
7485,1
7486,1
7487,1
7488,1
7489,0
7490,0
7491,0
7492,0
7493,1
7494,1
7495,1
7496,1
7497,1
7498,1
7499,1
7500,0
7501,0
7502,0
7503,0
7504,1
7505,1
7506,1
7507,1
7508,1
7509,1
7510,0
7511,0
7512,1
7513,1
7514,1
7515,1
7516,0
7517,0
7518,0
7519,0
7520,0
7521,0
7522,0
7523,0
7524,0
7525,0
7526,0
7527,0
7528,0
7529,0
7530,0
7531,0
7532,0
7533,0
7534,0
7535,0
7536,0
7537,0
7538,0
7539,0
7540,0
7541,0
7542,0
7543,0
7544,6
7545,0
7546,0
7547,0
7548,0
7549,0
7550,6
7551,6
7552,6
7553,6
7554,0
7555,0
7556,0
7557,0
7558,0
7559,0
7560,2
7561,6
7562,6
7563,6
7564,6
7565,6
7566,0
7567,0
7568,0
7569,0
7570,0
7571,2
7572,2
7573,2
7574,6
7575,6
7576,6
7577,6
7578,6
7579,0
7580,0
7581,0
7582,0
7583,0
7584,2
7585,2
7586,2
7587,2
7588,2
7589,6
7590,6
7591,6
7592,6
7593,6
7594,6
7595,0
7596,0
7597,0
7598,2
7599,2
7600,2
7601,2
7602,2
7603,2
7604,6
7605,6
7606,6
7607,6
7608,6
7609,6
7610,5
7611,5
7612,5
7613,2
7614,2
7615,2
7616,2
7617,2
7618,2
7619,2
7620,2
7621,6
7622,6
7623,6
7624,6
7625,6
7626,5
7627,5
7628,5
7629,5
7630,5
7631,2
7632,2
7633,2
7634,2
7635,2
7636,2
7637,2
7638,2
7639,2
7640,6
7641,6
7642,6
7643,5
7644,5
7645,5
7646,5
7647,5
7648,5
7649,2
7650,2
7651,2
7652,2
7653,2
7654,2
7655,2
7656,5
7657,5
7658,5
7659,5
7660,5
7661,5
7662,5
7663,5
7664,5
7665,2
7666,2
7667,2
7668,2
7669,2
7670,2
7671,5
7672,5
7673,5
7674,5
7675,5
7676,5
7677,5
7678,5
7679,5
7680,5
7681,5
7682,5
7683,5
7684,5
7685,5
7686,5
7687,5
7688,5
7689,5
7690,5
7691,5
7692,5
7693,5
7694,5
7695,5
7696,5
7697,5
7698,5
7699,5
7700,5
7701,5
7702,5
7703,5
7704,5
7705,5
7706,5
7707,5
7708,5
7709,5
7710,5
7711,5
7712,5
7713,5
7714,5
7715,5
7716,5
7717,5
7718,5
7719,5
7720,5
7721,5
7722,5
7723,5
7724,5
7725,5
7726,5
7727,5
7728,5
7729,5
7730,5
7731,5
7732,5
7733,5
7734,5
7735,5
7736,5
7737,5
7738,5
7739,5
7740,5
7741,5
7742,5
7743,5
7744,5
7745,5
7746,5
7747,5
7748,5
7749,5
7750,5
7751,5
7752,1
7753,1
7754,1
7755,1
7756,1
7757,1
7758,1
7759,1
7760,1
7761,1
7762,1
7763,1
7764,1
7765,1
7766,1
7767,1
7768,1
7769,1
7770,1
7771,1
7772,1
7773,1
7774,1
7775,1
7776,1
7777,1
7778,1
7779,1
7780,1
7781,0
7782,0
7783,0
7784,0
7785,0
7786,1
7787,1
7788,1
7789,1
7790,1
7791,0
7792,0
7793,0
7794,0
7795,0
7796,1
7797,1
7798,1
7799,0
7800,0
7801,0
7802,0
7803,0
7804,0
7805,0
7806,0
7807,0
7808,0
7809,0
7810,0
7811,0
7812,0
7813,0
7814,0
7815,0
7816,0
7817,0
7818,0
7819,0
7820,0
7821,0
7822,0
7823,0
7824,0
7825,0
7826,0
7827,0
7828,0
7829,0
7830,0
7831,0
7832,0
7833,0
7834,0
7835,0
7836,0
7837,0
7838,6
7839,6
7840,0
7841,0
7842,0
7843,0
7844,0
7845,0
7846,6
7847,6
7848,6
7849,6
7850,0
7851,0
7852,0
7853,0
7854,0
7855,0
7856,2
7857,6
7858,6
7859,6
7860,6
7861,5
7862,0
7863,0
7864,0
7865,0
7866,0
7867,0
7868,2
7869,2
7870,6
7871,6
7872,6
7873,6
7874,5
7875,5
7876,5
7877,5
7878,5
7879,0
7880,0
7881,0
7882,0
7883,0
7884,2
7885,2
7886,2
7887,2
7888,6
7889,6
7890,6
7891,5
7892,5
7893,5
7894,5
7895,5
7896,5
7897,0
7898,0
7899,0
7900,2
7901,2
7902,2
7903,2
7904,2
7905,6
7906,6
7907,6
7908,5
7909,5
7910,5
7911,5
7912,5
7913,5
7914,5
7915,2
7916,2
7917,2
7918,2
7919,2
7920,2
7921,2
7922,2
7923,5
7924,5
7925,5
7926,5
7927,5
7928,5
7929,5
7930,5
7931,5
7932,5
7933,2
7934,2
7935,2
7936,2
7937,2
7938,2
7939,2
7940,2
7941,5
7942,5
7943,5
7944,5
7945,5
7946,5
7947,5
7948,5
7949,5
7950,5
7951,5
7952,2
7953,2
7954,2
7955,2
7956,2
7957,2
7958,2
7959,2
7960,5
7961,5
7962,5
7963,5
7964,5
7965,5
7966,5
7967,5
7968,5
7969,5
7970,5
7971,2
7972,2
7973,2
7974,2
7975,2
7976,2
7977,5
7978,5
7979,5
7980,5
7981,5
7982,5
7983,5
7984,5
7985,5
7986,5
7987,5
7988,5
7989,5
7990,5
7991,5
7992,5
7993,5
7994,5
7995,5
7996,5
7997,5
7998,5
7999,5
8000,5
8001,5
8002,5
8003,5
8004,5
8005,5
8006,5
8007,5
8008,5
8009,5
8010,5
8011,5
8012,5
8013,5
8014,5
8015,5
8016,5
8017,5
8018,5
8019,5
8020,5
8021,5
8022,5
8023,5
8024,5
8025,5
8026,5
8027,5
8028,5
8029,5
8030,5
8031,5
8032,5
8033,5
8034,5
8035,5
8036,5
8037,5
8038,5
8039,5
8040,5
8041,5
8042,5
8043,5
8044,5
8045,5
8046,5
8047,5
8048,1
8049,1
8050,1
8051,1
8052,1
8053,1
8054,1
8055,1
8056,1
8057,1
8058,1
8059,1
8060,1
8061,1
8062,1
8063,1
8064,1
8065,1
8066,1
8067,1
8068,1
8069,1
8070,1
8071,1
8072,1
8073,1
8074,1
8075,1
8076,1
8077,1
8078,1
8079,0
8080,0
8081,0
8082,0
8083,1
8084,1
8085,1
8086,0
8087,0
8088,0
8089,0
8090,0
8091,0
8092,0
8093,0
8094,0
8095,0
8096,0
8097,0
8098,0
8099,0
8100,0
8101,0
8102,0
8103,0
8104,0
8105,0
8106,0
8107,0
8108,0
8109,0
8110,0
8111,0
8112,0
8113,0
8114,0
8115,0
8116,0
8117,0
8118,0
8119,0
8120,0
8121,0
8122,0
8123,0
8124,0
8125,0
8126,0
8127,0
8128,0
8129,5
8130,5
8131,5
8132,0
8133,0
8134,0
8135,0
8136,0
8137,0
8138,5
8139,5
8140,5
8141,5
8142,0
8143,0
8144,0
8145,0
8146,0
8147,0
8148,5
8149,5
8150,5
8151,5
8152,5
8153,5
8154,0
8155,0
8156,0
8157,0
8158,0
8159,0
8160,5
8161,5
8162,5
8163,5
8164,5
8165,5
8166,5
8167,5
8168,5
8169,0
8170,0
8171,0
8172,0
8173,0
8174,2
8175,5
8176,5
8177,5
8178,5
8179,5
8180,5
8181,5
8182,5
8183,5
8184,5
8185,5
8186,0
8187,0
8188,0
8189,0
8190,0
8191,2
8192,2
8193,5
8194,5
8195,5
8196,5
8197,5
8198,5
8199,5
8200,5
8201,5
8202,5
8203,5
8204,0
8205,0
8206,2
8207,2
8208,2
8209,2
8210,5
8211,5
8212,5
8213,5
8214,5
8215,5
8216,5
8217,5
8218,5
8219,5
8220,2
8221,2
8222,2
8223,2
8224,2
8225,2
8226,5
8227,5
8228,5
8229,5
8230,5
8231,5
8232,5
8233,5
8234,5
8235,5
8236,2
8237,2
8238,2
8239,2
8240,2
8241,2
8242,2
8243,5
8244,5
8245,5
8246,5
8247,5
8248,5
8249,5
8250,5
8251,5
8252,5
8253,5
8254,2
8255,2
8256,2
8257,2
8258,2
8259,2
8260,2
8261,5
8262,5
8263,5
8264,5
8265,5
8266,5
8267,5
8268,5
8269,5
8270,5
8271,5
8272,2
8273,2
8274,2
8275,2
8276,2
8277,2
8278,5
8279,5
8280,5
8281,5
8282,5
8283,5
8284,5
8285,5
8286,5
8287,5
8288,5
8289,5
8290,5
8291,5
8292,5
8293,5
8294,5
8295,5
8296,5
8297,5
8298,5
8299,5
8300,5
8301,5
8302,5
8303,5
8304,5
8305,5
8306,5
8307,5
8308,5
8309,5
8310,5
8311,5
8312,5
8313,5
8314,5
8315,5
8316,5
8317,5
8318,5
8319,5
8320,5
8321,5
8322,5
8323,5
8324,5
8325,5
8326,5
8327,5
8328,5
8329,1
8330,1
8331,1
8332,1
8333,1
8334,1
8335,1
8336,1
8337,1
8338,1
8339,1
8340,1
8341,1
8342,1
8343,1
8344,1
8345,1
8346,1
8347,1
8348,1
8349,1
8350,1
8351,1
8352,1
8353,1
8354,1
8355,1
8356,1
8357,1
8358,1
8359,1
8360,0
8361,0
8362,0
8363,0
8364,0
8365,0
8366,0
8367,0
8368,0
8369,0
8370,0
8371,0
8372,0
8373,0
8374,0
8375,0
8376,0
8377,0
8378,0
8379,0
8380,0
8381,0
8382,0
8383,0
8384,0
8385,0
8386,0
8387,0
8388,0
8389,0
8390,0
8391,0
8392,0
8393,0
8394,0
8395,0
8396,0
8397,0
8398,0
8399,0
8400,0
8401,5
8402,5
8403,5
8404,0
8405,0
8406,0
8407,0
8408,0
8409,0
8410,5
8411,5
8412,5
8413,5
8414,5
8415,5
8416,0
8417,0
8418,0
8419,0
8420,0
8421,0
8422,5
8423,5
8424,5
8425,5
8426,5
8427,5
8428,5
8429,0
8430,0
8431,0
8432,0
8433,0
8434,0
8435,5
8436,5
8437,5
8438,5
8439,5
8440,5
8441,5
8442,5
8443,5
8444,0
8445,0
8446,0
8447,0
8448,0
8449,0
8450,5
8451,5
8452,5
8453,5
8454,5
8455,5
8456,5
8457,5
8458,5
8459,5
8460,0
8461,0
8462,0
8463,0
8464,0
8465,5
8466,5
8467,5
8468,5
8469,5
8470,5
8471,5
8472,5
8473,5
8474,5
8475,5
8476,0
8477,0
8478,0
8479,0
8480,5
8481,5
8482,5
8483,5
8484,5
8485,5
8486,5
8487,5
8488,5
8489,5
8490,0
8491,0
8492,2
8493,2
8494,5
8495,5
8496,5
8497,5
8498,5
8499,5
8500,5
8501,5
8502,5
8503,5
8504,2
8505,2
8506,2
8507,2
8508,2
8509,5
8510,5
8511,5
8512,5
8513,5
8514,5
8515,5
8516,5
8517,5
8518,2
8519,2
8520,2
8521,2
8522,2
8523,2
8524,5
8525,5
8526,5
8527,5
8528,5
8529,5
8530,5
8531,5
8532,5
8533,2
8534,2
8535,2
8536,2
8537,2
8538,2
8539,5
8540,5
8541,5
8542,5
8543,5
8544,5
8545,5
8546,5
8547,5
8548,2
8549,2
8550,2
8551,2
8552,2
8553,5
8554,5
8555,5
8556,5
8557,5
8558,5
8559,5
8560,5
8561,5
8562,5
8563,5
8564,5
8565,5
8566,5
8567,5
8568,5
8569,5
8570,5
8571,5
8572,5
8573,5
8574,5
8575,5
8576,5
8577,5
8578,5
8579,5
8580,5
8581,1
8582,1
8583,1
8584,1
8585,1
8586,1
8587,1
8588,1
8589,1
8590,1
8591,1
8592,1
8593,1
8594,1
8595,1
8596,1
8597,1
8598,1
8599,0
8600,0
8601,0
8602,0
8603,0
8604,0
8605,0
8606,0
8607,0
8608,0
8609,0
8610,0
8611,0
8612,0
8613,0
8614,0
8615,0
8616,0
8617,0
8618,0
8619,0
8620,0
8621,0
8622,0
8623,0
8624,0
8625,0
8626,0
8627,0
8628,0
8629,0
8630,0
8631,0
8632,0
8633,0
8634,0
8635,0
8636,0
8637,0
8638,0
8639,0
8640,0
8641,5
8642,5
8643,5
8644,0
8645,0
8646,0
8647,0
8648,0
8649,0
8650,5
8651,5
8652,5
8653,5
8654,5
8655,0
8656,0
8657,0
8658,0
8659,0
8660,5
8661,5
8662,5
8663,5
8664,5
8665,5
8666,5
8667,0
8668,0
8669,0
8670,0
8671,5
8672,5
8673,5
8674,5
8675,5
8676,5
8677,5
8678,5
8679,5
8680,0
8681,0
8682,0
8683,5
8684,5
8685,5
8686,5
8687,5
8688,5
8689,5
8690,5
8691,5
8692,5
8693,5
8694,5
8695,5
8696,5
8697,5
8698,5
8699,5
8700,5
8701,5
8702,5
8703,5
8704,5
8705,5
8706,5
8707,5
8708,5
8709,5
8710,5
8711,5
8712,5
8713,2
8714,2
8715,2
8716,5
8717,5
8718,5
8719,5
8720,5
8721,5
8722,5
8723,2
8724,2
8725,2
8726,5
8727,5
8728,5
8729,5
8730,5
8731,2
8732,5
8733,5
8734,5
8735,5
8736,5
8737,0
8738,0
8739,0
8740,0
8741,0
8742,0
8743,0
8744,0
8745,0
8746,0
8747,0
8748,0
8749,0
8750,0
8751,0
8752,0
8753,0
8754,0
8755,0
8756,0
8757,0
8758,0
8759,0
8760,0
8761,0
8762,0
8763,0
8764,0
8765,0
8766,0
8767,0
8768,0
8769,0
8770,0
8771,0
8772,0
8773,0
8774,0
8775,0
8776,0
8777,0
8778,0
8779,0
8780,0
8781,0
8782,0
8783,0
8784,0
8785,0
8786,0
8787,0
8788,0
8789,0
8790,0
8791,0
8792,0
8793,0
8794,0
8795,0
8796,0
8797,0
8798,0
8799,0
8800,0
8801,0
